path;size_bytes;media_type;sha256
.claude/agents/api-contract-reviewer.md;332;text/markdown;58d4f963808e4bf9c259ba1f1d468df30f620c79a0388d2ffa748db17802f670
.claude/agents/architecture-reviewer.md;461;text/markdown;be808b6cddd6087afa3998ce4486d9542289601ed030320bd912c4319f1fcb4b
.claude/agents/database-reviewer.md;372;text/markdown;7cc0132fb1ac717be2cbf9099e3b6ba0e4357cbaaf8ac132c2d67377aed0e93c
.claude/agents/security-reviewer.md;381;text/markdown;21dfa378a61299622179396f699325595bfcd8f948b84e5a99eff8f974ace145
.claude/agents/test-reviewer.md;352;text/markdown;fb89d28eef1af58f447402c3d36c0f0841f283ecd07d6e0c671fb7395edab95a
.claude/agents/ui-reviewer.md;770;text/markdown;dd89d73539f4442eb5ba984ce60b9213056858ea2e9eaa1effd7c2bd75a374d7
.claude/hooks/guard-command.py;1815;text/x-python;37ca7b9e45a2e9747016e12b1426416897ec55aee4bb999f3da40050e68a9b43
.claude/rules/accessibility.md;407;text/markdown;f94b07132720fa519def3afd7af4cf16787ee84fcf7c2c4331d38632eaffab09
.claude/rules/api.md;462;text/markdown;f050bbecc60a3450bdb574ecaa39616fe1b0331069f4f6d640a8505f1284d6e7
.claude/rules/architecture.md;530;text/markdown;44e390541be4579d7508b56aefdfb4e89ce39169358a2f126f82895b8acc1175
.claude/rules/backend-java.md;579;text/markdown;e9dbf85dd96caac0b915b8bc6ff74c402fbe2d5a6a8272e2f0f67ad668dd3d56
.claude/rules/documentation.md;437;text/markdown;6ceb1e3f7bfb1100ff726c14874b1fa1b1d3e2cd20adebac19cd7bc0859dc2de
.claude/rules/frontend-angular.md;1445;text/markdown;ced7c1e66fd8f4d1d06ba3bcace792e857d416cf80236e132c9e3d4cf99fe8ff
.claude/rules/member-showcase.md;983;text/markdown;f3c4041f88797dee7a7f2b5b009a86556e1b4f3d5cbab18cabaeaee04c4dc2b2
.claude/rules/mobile-flutter.md;911;text/markdown;a3633e4aea33a8351c3389d8ccae0c43d2bfdfc6162b3e744c09424abc337824
.claude/rules/postgresql.md;619;text/markdown;f84945b996ac70cacd5baf7d922ea86e72671ebe17881ee34bc0f0a7e0eea8d9
.claude/rules/security.md;461;text/markdown;de1559c7d1616d8ed7c81694a8ee55c127f23e05897d4f4301cfb60141a5c823
.claude/rules/testing.md;735;text/markdown;be643c84d1db5d866e6b593c5f0986f61969d92846ddd3db4a535b6bed8ba7cb
.claude/rules/ux-ui.md;1472;text/markdown;cc8260eaf3dd73966512cba7dfb38c517f32535c0ea896e142f1e5d6d770dd7b
.claude/rules/visual-regression.md;463;text/markdown;331231eecdba7144a6682e5c82e46e92f7d9d0d5624cb3643a63edcba3decadf
.claude/settings.json;1871;application/json;570c55fadbf7ccf21eb59505a916720ad08f2af5671928319b7caaf0607d727f
.claude/skills/create-flyway-migration/SKILL.md;401;text/markdown;24c051482bd79d44ca242fcd1cdd9052d56d420e6752de1061b621574c999de6
.claude/skills/implement-screen/SKILL.md;1375;text/markdown;b6bf294776c8686eeed828593c37c26e15ca0724c09ebe9171d1c4d0f20ab574
.claude/skills/implement-user-story/SKILL.md;521;text/markdown;ec958d12befa89de6947d0b65cb3da36626ce98909ccc6b4d1e3a8edbd620fb1
.claude/skills/release-readiness/SKILL.md;416;text/markdown;8a43364bbb51fcbcd800b975e0cdae5dfc5a09cd6c80d909bdc5bb1b40a290a3
.claude/skills/review-pull-request/SKILL.md;387;text/markdown;4f20ecd0cb8fc357ee77b488364558625d591e30864129a0692a9c32c880b7a6
.claude/skills/security-review/SKILL.md;661;text/markdown;f60bc8c3d7439ae2a3f4c7f23dbeb01b8d271e8fb4db6f76036b406e75b642e8
.editorconfig;228;application/octet-stream;aaaa7f16d68982f522b9a12842740e89327e05c751ccfa14ccf58a8df4394042
.env.example;339;application/octet-stream;e54f8b3c891bec5b65b63e31ade736180ff6d01435a09eb964f0b644680c8366
.gitattributes;196;application/octet-stream;9aef3029020ea338d016f4a2ad3446a1181abc186f1e71386f2d9ea542e73bc9
.gitignore;668;application/octet-stream;7a0b746833c5742f16c113b88457df9183cd1f8f052539a007ef14fd089b9b97
.gitlab-ci.yml;2429;application/yaml;db6ad2eafa473358565435dc59d52252f616adbbd8f8fa25225d4f4dedb67122
.nvmrc;8;application/octet-stream;b911698dc3cf3227d34d0ad6727f1c4408791203c9665de99ab959331a1fb07d
AGENTS.md;4609;text/markdown;0de8809f96b524d39aa4f8600a4792c08f4335488eae27850f2e67af5bdf824e
backend/pom.xml;3141;text/xml;f69d78260faacb2af8daf385d19441f6d1cb78251879ef193a9242a3bef9e72d
backend/README.md;1104;text/markdown;bf92db158059b6c1690f47976ab4b5f2a8f7d078169ef91039810bfa5388f27c
backend/src/main/java/ml/cnpm/platform/CnpmPlatformApplication.java;331;application/octet-stream;3042f7204aeedf43091f1bd8d21701039fea8a6e426af9f386fa7b8e09ad2bcc
backend/src/main/java/ml/cnpm/platform/shared/api/CurrentUserController.java;1917;application/octet-stream;33b2ea46b88811fd5ac702fd187233512d52ecf39050b321b332040b30d35dfd
backend/src/main/java/ml/cnpm/platform/shared/api/ProblemResponse.java;360;application/octet-stream;27abc405759d66d5abe1e1c186e08ce68a8bca632aca17c65d785b5a8fb39f78
backend/src/main/java/ml/cnpm/platform/shared/api/ProblemResponseWriter.java;2693;application/octet-stream;3c14856c92b0861ddc457f12916aea5a0c00f7dac50ca6964de29dd3d13e502c
backend/src/main/java/ml/cnpm/platform/shared/security/AudienceValidator.java;1575;application/octet-stream;12e53180694864891c52ccf3413570cad5f2b904ac6856a5bae9d121ea5e5947
backend/src/main/java/ml/cnpm/platform/shared/security/JwtValidationConfig.java;2106;application/octet-stream;869c61794ba0a5424d439d9843bcea666390970569df4428579d2355d6720b6b
backend/src/main/java/ml/cnpm/platform/shared/security/KeycloakRealmRoleConverter.java;2006;application/octet-stream;1a037bed9613590053bdc35eb37a301db5a00f15653e583a2084db8cc8350ae1
backend/src/main/java/ml/cnpm/platform/shared/security/SecurityConfig.java;4976;application/octet-stream;eb86a60b218e0be7d0961c62b0cd8b405263af23036ffcbc3bb23127d9ecf7a0
backend/src/main/resources/application.yml;1342;application/yaml;19d24f9d20ecd043d24012b9dc03036f8ae1c301f418f94c6cdfd3776df8f573
backend/src/main/resources/db/migration/V1__create_schemas_and_tables.sql;108619;application/octet-stream;fbcf5079e24da476975bb7aa1a164de3c491d981abe030f7b69f59d7d792c3d2
backend/src/main/resources/db/migration/V2__add_constraints_and_indexes.sql;42176;application/octet-stream;b59fe6ba2e25803ffc104920481d6af8c951dc1875da7f4511a310e4e93fb459
backend/src/main/resources/db/migration/V3__seed_roles_permissions_and_references.sql;68676;application/octet-stream;131e80f78f80faf5f0cd2bd4bb381a309f6e9ca85533bfcecdd18a9d170efa83
backend/src/main/resources/db/migration/V4__protect_append_only_tables.sql;3466;application/octet-stream;c9b490bc505464916ff9515d6c3a7d120826260377190496b5d7f2dc41c6510c
backend/src/main/resources/db/migration/V5__protect_append_only_tables_against_truncate.sql;4131;application/octet-stream;c0703aa88134b24a5a1e27156d4672ada2aab2840836227900bbc54bac660c44
backend/src/test/java/ml/cnpm/platform/db/AppendOnlyProtectionTest.java;9359;application/octet-stream;ff54f13aaa26a93b244fe6dc243f75d3c4f719d56e68fbcdd6287d7d88833a4c
backend/src/test/java/ml/cnpm/platform/db/FinancialColumnTypesTest.java;7064;application/octet-stream;567eca62af5034a59f32b690e94a770ca9b12649b23d502f99b0fc59b402694a
backend/src/test/java/ml/cnpm/platform/db/FlywayMigrationTest.java;6821;application/octet-stream;ae953f0b58bf410bdf55a4238a2bfa0c6921c49807aaff273db6bc09b5c6b315
backend/src/test/java/ml/cnpm/platform/db/PostgresMigrationSupport.java;4509;application/octet-stream;125372e26db01cc0a7d77fcb754b47bec34da8b24836f3f0a1bd88ac1d70d8b1
backend/src/test/java/ml/cnpm/platform/shared/security/AudienceValidatorTest.java;1579;application/octet-stream;594b8e40d9db531ae55d7d9138d0237c25a2ade67f29308b868a30ded3b93eb2
backend/src/test/java/ml/cnpm/platform/shared/security/KeycloakRealmRoleConverterTest.java;2272;application/octet-stream;7764747c340e07f94d5a9498d45fd3e8aa749ee17cafd7957f949fce399020ee
backend/src/test/java/ml/cnpm/platform/shared/security/SecurityConfigTest.java;10585;application/octet-stream;22b2cbaf1d8dcc9eebc11b772f8f11f44026dd531d517c8e0015e11dcd1bdd14
CHANGELOG.md;1531;text/markdown;c53dc5253aec7b346abb3fbf424c7b96429c95fd4b38f16590fe519c013f647c
CLAUDE.local.md.example;33;application/octet-stream;21b75692f9692f564cd97f9341875fc4f9de8cb52820b69da3aca416d27f63b2
CLAUDE.md;5622;text/markdown;b4caad39520b2d6625a16cb5ec094344064511f2112415d2b549ed81aab82856
CONTRIBUTING.md;1209;text/markdown;bf63e6abc50a465a8354b6f7e999da86635e10fda470df2d6063137a487769e8
docs/00-governance/archive/pack-validation-report-v1.0.md;6906;text/markdown;bb25e5c9b437b59bb21ba9a22a526354c89cec51e30acd5eee0707806fc30550
docs/00-governance/archive/README.md;244;text/markdown;7ce9c800af0fd27d0605a058327a4cd522dd4d7e08ec902c58818e49a1eafa2a
docs/00-governance/canonical-paths.md;1404;text/markdown;27a9990235f0941d0c29316dcb209e1578cdf64f7c93b84c631e6dd8d2d54024
docs/00-governance/document-control.md;643;text/markdown;98824a16ba0ea166409a6f4ca39cd7533ebcc6ebf4e635b9718fe17e3ef54dad
docs/00-governance/duplicate-removal.csv;4053;application/vnd.ms-excel;93190e1cd4572b07a1c72bc3b756026f76f99e0b66844b7036ebcc1a6ac29448
docs/00-governance/final-structure.txt;7873;text/plain;98b5e717312a3b3d0ae49b4f6a5ed22c1c17eaa7a3b891b5c18ee8635b25ed51
docs/00-governance/final-validation-report.md;4082;text/markdown;9508345653cd6ad9f1c544870f93d2d5ba4a5231b608f83dd53a54ef92804f7a
docs/00-governance/glossary.md;1947;text/markdown;e868fa35db2674e5ad18b77e3a2e8a90e733403db1da969d4707e4cdc13532d9
docs/00-governance/implementation-plan.md;66457;text/markdown;0c4df9cf56ff72bad142d0685fdbb62758b601406f8c33216c9daeb4642b5026
docs/00-governance/implementation-readiness.md;2173;text/markdown;24e81f209e3e3e0cb0abf8885877a7c48cad073e172cef968f8b100aec73d017
docs/00-governance/implementation-status.md;14274;text/markdown;bf95825f5a9b30bd37a2cbd2f202819df3ab129ccff96ae2012efdf9a8a39645
docs/00-governance/open-decisions.md;18182;text/markdown;007769cdff10bef9f9668035bf385995bdb8917251c54733fbfe441a39633280
docs/00-governance/quality-scorecard.md;14679;text/markdown;7cf0f03f7b023eae2c71b5712c6d70139bef466935fb86332ef85643415e2836
docs/00-governance/reorganization-report.md;4438;text/markdown;0bc9c4d7f0b623654a15f8273fd81666a5ec33f9ec961582d9a8776c82a705e9
docs/00-governance/risk-register.md;1798;text/markdown;df21a8a19c93927f3607bb763de213065ef6c6115a6d41bec1bce639a7fba57f
docs/00-governance/root-markdown-placement.md;2046;text/markdown;54acaf5060f1e0620de90a1744344629298e755987ffb237528eabf99513201e
docs/00-governance/source-of-truth.md;1632;text/markdown;e03f027e8cccc22de354894584c4ec8f82e620c57e177fd645bd44857cfb0f4d
docs/00-governance/source-preservation-audit.md;2368;text/markdown;cc0aec4a98ea0491d1bcefbe7444f8f1d9f197f4d0207f03f3108855ff348d15
docs/00-governance/technology-sources.md;656;text/markdown;82f20f6a055e8f2b0322a15bdba25823674ee66933347a5329cdc72507541da8
docs/00-governance/toolchain-validation.md;2083;text/markdown;c5ec7f90842c7def504fd01192439155bb1b0b606f541fc1d6a578d6f470f69e
docs/00-sources/logo-CNPM.png;32095;image/png;5698b8d7e7439a01d73339b839ffc8bc4410dc11e4343c3aa0c5c4ac0ba69441
docs/00-sources/Specifications_Fonctionnelles_CNPM_v1.1.docx;116636;application/vnd.openxmlformats-officedocument.wordprocessingml.document;4bac2eaaf96ed405e62bf6fc9450a0d891644afb9ce8f741b3cc01675a392898
docs/00-sources/Specifications_Fonctionnelles_CNPM_v1.1.pdf;998856;application/pdf;ab8c77e9dcf662eda31f7fc48605dbaa4c49f4109a6ddcec4cd1cfc17140a7a0
docs/00-sources/TDR_NTA_Digitalisation_Cotisations_CNPM.pdf;221043;application/pdf;5b1ed7f3c804628e443d7667d4f79b6e6b862defe4fc351881a76c545f91500d
docs/01-product/business-rules.md;2430;text/markdown;40ec38866341ad9e0b770e809f34580e7a3bd7601f93c14517ba631a9ccd3393
docs/01-product/CNPM_Backlog_Traceabilite_Recette.xlsx;82641;application/vnd.openxmlformats-officedocument.spreadsheetml.sheet;92886b3a7d27d6e87bf0422daddf34fee79d1da16174d11b67b6bd3bf90573bf
docs/01-product/definition-of-done.md;725;text/markdown;eaeea3b3d3ef2ae9dcd71affe2f057678ddf48b54bd1b7e404c13a4f74e74a19
docs/01-product/definition-of-ready.md;594;text/markdown;55222aab3e59294c3183c771a8819330ac0afead973ab65665cd73651cfdbf49
docs/01-product/kpi-catalog.md;1672;text/markdown;6525d5abd72376db66825521b38a07cc146735c5b7529e20cde8d813c5d63ebe
docs/01-product/product-backlog.csv;61530;application/vnd.ms-excel;f42fe2f59a14c41aacee3653f282f5b9b1be0f0d03d987e910fb2dbea2138b58
docs/01-product/product-backlog.md;101457;text/markdown;1fa6038025a722f53bdff5b47bd01e38762411207d64b965c74096041b51924a
docs/01-product/release-plan.md;871;text/markdown;71eeec79f26a54ce04ca256d32996b3004712745cc0ace77b70ca935fd875322
docs/01-product/requirements-catalog.md;24234;text/markdown;f14280b0c061dab77d4dbfed034d23db9943be1c872d3595a8926055e51fea18
docs/01-product/tdr-traceability.md;1473;text/markdown;4dd99233ca415a6122f5bbbb37dc528dda5f980b185253cd28d61dfb73f1b079
docs/01-product/traceability-matrix.csv;28180;application/vnd.ms-excel;5368f080ea6afe50246fddcf6a560f91dcd2ebfef158b1a903b6ccb40e18d968
docs/01-product/traceability-matrix.md;24686;text/markdown;4cd717135d427f98b1d54c5be4398f0f44d835cc4481c745b343fb4285fa72d7
docs/02-architecture/adr/ADR-001-monolithe-modulaire.md;702;text/markdown;f2b514688dc184b2c7550ee6636f35e59ba7678c3c40236ae1b910db6f69ab4e
docs/02-architecture/adr/ADR-002-postgresql-source-verite.md;670;text/markdown;7ae52cbe04751ab05f9ade1974afb523f5823707fda6208fa8069f2a5201cef7
docs/02-architecture/adr/ADR-003-iam-keycloak.md;603;text/markdown;01ddaa156c6d477030f2c783f330add5adad7fc9f71efac45b165996a309b69f
docs/02-architecture/adr/ADR-004-outbox-idempotence.md;633;text/markdown;eb86b49bed2f009da7b0e95bc79df8743bccc1f25d6d59d7a860d0a59e78ea23
docs/02-architecture/adr/ADR-005-stockage-objet.md;606;text/markdown;4ffa3b9ab6c644b107531a6e9bb8cfbf74d0746c1949e2417ad297d83cf60b52
docs/02-architecture/adr/ADR-006-reporting-read-model.md;614;text/markdown;a41343a00718386bc69588ca878143673fe37430efea16f90cc5286703479751
docs/02-architecture/adr/ADR-007-design-sobre.md;647;text/markdown;4fff179c101771c3245ec9e3266910b226933b292397582b0442f084ae4c3fbb
docs/02-architecture/adr/ADR-008-autorisation-backend-resource-server.md;3896;text/markdown;caa62c5fe23ec2b226bcf5ff41127540fb18dd7db9486bc9b582afb2c0ddcdfe
docs/02-architecture/architecture-principles.md;1124;text/markdown;561939e733779cbd1dc44037a48050f483a9909aa4ccf666c21aa99127832193
docs/02-architecture/CNPM_DCTD_v1.0.docx;1188196;application/vnd.openxmlformats-officedocument.wordprocessingml.document;7e4ffcda9466f373a6a854451cf74c38438c36460203d6a5205bd6ff7259b24d
docs/02-architecture/CNPM_DCTD_v1.0.pdf;2214321;application/pdf;dfdf24da51b1be2f8149f81d4c94e4c812487cab95bd5ac7f245465aee3466c0
docs/02-architecture/dctd.md;8016;text/markdown;fceb2bee391131ae4d168d18159d9ffd773dfa388c89d4611e937398d5ae0e55
docs/02-architecture/diagrams/container-diagram.mmd;495;application/octet-stream;7a6efa859af9ff3c670d3ae7c1751f9321661052f1de0c79328ddae916aec428
docs/02-architecture/diagrams/deployment.mmd;565;application/octet-stream;4862daf89ccf40c329287a24637c88b79ad60a39a60c8c87bf0af20098b1be7d
docs/02-architecture/diagrams/rendered/claude-operating-model.dot;1039;application/msword;b02c05f13461ad30ced3982d584b5751b2c36c96a1ed641450796fadb341e6a7
docs/02-architecture/diagrams/rendered/claude-operating-model.png;106790;image/png;551e3ea58ce3f0123401af659d451002293e4113853481eb856a9ec0c06b7129
docs/02-architecture/diagrams/rendered/claude-operating-model.svg;8059;image/svg+xml;f851714de769fbb60f16d5476cce2a29d5204c0a329f5360923c41b19b121340
docs/02-architecture/diagrams/rendered/deployment.dot;1646;application/msword;f6cd7078e3ef852810dafa7556cfc5840e1b4f378b9c8846b26375b57c37c51c
docs/02-architecture/diagrams/rendered/deployment.png;242718;image/png;baa1784caaff497c12c2c31fd3d054e837f85a817c7774c62faeb34698b7b10f
docs/02-architecture/diagrams/rendered/deployment.svg;11314;image/svg+xml;062e07dc8d07eecb0877c4352faf62a5fa3afb7fdc3f8b833a0ca47bc54885a8
docs/02-architecture/diagrams/rendered/logical-architecture.dot;2357;application/msword;e8ae39160ec1a7d7d09355066cab8eee3b656f8b647a766bfb749a4e5bd26d5d
docs/02-architecture/diagrams/rendered/logical-architecture.png;214028;image/png;59f24f98873e9e6f7544f0c45af8a59164085bf31e0be76352f6baa06c69dd19
docs/02-architecture/diagrams/rendered/logical-architecture.svg;12774;image/svg+xml;a08ba63195d8906b155e054cd39a2fb96499eb50b97fb28e3df2c148356fc282
docs/02-architecture/diagrams/rendered/payment-flow.dot;1430;application/msword;aa1eba31d13c33c03c680f7ff3ed6f71d887a8f58e309b1c4eaa93079d3c8a81
docs/02-architecture/diagrams/rendered/payment-flow.png;169404;image/png;a8dd25353d97630169c0de7a87f827c5e6acaacb29b8dd88d54143435b1cf860
docs/02-architecture/diagrams/rendered/payment-flow.svg;8927;image/svg+xml;c86921197723f3d044350d3fdec16aee71b4b758355247a7fedb34cc016865c2
docs/02-architecture/diagrams/rendered/security-layers.dot;896;application/msword;1df796e3cc9e24fe37ce2efc6261e8a78f2eafcfbda8d4c7185bd733931e859e
docs/02-architecture/diagrams/rendered/security-layers.png;93981;image/png;3ac5d39325745632fbb819950193d27ce6ca2bed143b3a2c151c14f23a31951c
docs/02-architecture/diagrams/rendered/security-layers.svg;5963;image/svg+xml;68cdf57cafcb59f80f4ec1b5f8199c7d7d68c63e3590e82cebdb03c32d82f69b
docs/02-architecture/diagrams/rendered/system-context.dot;1855;application/msword;0cf81f77019d387508ab9e54c305f7ccf9e18d51829f1b22d96177fce31ab5a2
docs/02-architecture/diagrams/rendered/system-context.png;294063;image/png;64dc18008d3a4f3b8cf5535d1665ca6412eb2bb8909d0b6b0e9a2610bad2e722
docs/02-architecture/diagrams/rendered/system-context.svg;8711;image/svg+xml;858a6376c9c63cb41dad4dfb4b0e56bf90b5981496ba3c4d8d2caa934840c30a
docs/02-architecture/diagrams/system-context.mmd;603;application/octet-stream;d0292a42bfaff983c4fae1497263b7a1d2d8365a7bd1fb23cd1d0ce4e0fce5fe
docs/02-architecture/modules.md;2672;text/markdown;4867c5551927cc888e38ec7b73708c1916817e37b4dc49b503e56bf7668fb3a8
docs/02-architecture/technology-stack.md;2274;text/markdown;6d2e0968247757eb4db83f526e96fc3dde6d577f0b02c1c169514e2bad0de052
docs/03-data/CNPM_Dictionnaire_Donnees_PostgreSQL.xlsx;77275;application/vnd.openxmlformats-officedocument.spreadsheetml.sheet;0accd7fd74547a40ec3a87044551f06ed88a0347fa56b3deab628de0bd4e3ce9
docs/03-data/data-dictionary.csv;108436;application/vnd.ms-excel;2cc617394cd7e2ab77f589d5ab7d0c158fe31c4d803f9fbd6f2cb1736376d3a1
docs/03-data/data-migration-plan.md;827;text/markdown;6bcbef4d56e19341eb53a4f429aab41fc87595cebf88bdc9a1768661abe6231b
docs/03-data/data-model.md;8991;text/markdown;ec5bd9eb34f6ed58c0db8a3eb45aae1f65c963169e57a90485991a622c34851f
docs/03-data/diagrams/er-overview.mmd;1523;application/octet-stream;ffaba6f973a6fb84bd7b7c27b1503d9e87b8566d196a5ce317f834dcee76c193
docs/03-data/diagrams/model.dbml;32546;application/octet-stream;90182f92ff044f9be27884dae5625ede898eab3afe72a964abb253342b4a6454
docs/03-data/erd-overview.mmd;7566;application/octet-stream;873d75c4b41ec76c26e79dfdfb511f0df33f98775a24a817152a0e4184b14f3d
docs/03-data/migrations/README.md;397;text/markdown;c0d7a76baef9d73812a35374dbf4f221437f1458c987ffaca6786c5254bae9d7
docs/03-data/postgresql-conventions.md;1157;text/markdown;0efdd502de175e6ce2c59a67a6d1d3f4decf0188696b53a4b462b805a6123085
docs/03-data/postgresql-engineering-rules.md;1284;text/markdown;183fca3f853f4d2cfc78072dc94e13057d302be2f8ab8e943838ca152d6b9068
docs/03-data/schema.sql;175192;application/octet-stream;74971abe18613c407127ac352fa83dc43efd7ceeaf314c99b91f8838bc2d32ca
docs/04-api/api-catalog.csv;6598;application/vnd.ms-excel;494a223f107895c97b5084a477dc8ee7db393f9a5d64cc2444af859ff79d7429
docs/04-api/api-conventions.md;718;text/markdown;929eaf130b277cc379ff754d0f050f083a0e2b5688d8ef237dbf50261d32c6f5
docs/04-api/api-guidelines.md;729;text/markdown;b762a426fd42ffb7949802a8779c270977c182270b04ac797d43282e6b8297a7
docs/04-api/asyncapi.yaml;5858;application/yaml;962bcff071353c4e453d2f1c517faf80fec640fe70efa827d897dfd550d1a78e
docs/04-api/error-catalog.md;1251;text/markdown;69c4d7bee758d8ba9b14389e99514306cc00e65b6d4b9a83aafb728ebbd426b9
docs/04-api/openapi.yaml;100581;application/yaml;35a86612f6060b533c5221f65db12e54bf38fe31b1abe39d58a6e85fa90b033f
docs/04-api/webhook-contracts.md;657;text/markdown;b10ba78e4c3a748e2a68dd4b4128777966f0174fd110a752e9b77a59020e4c29
docs/05-security/access-review-procedure.md;484;text/markdown;8fb2f1439de87ac6f9c263ab2b0db0bb470a6d4546d0440e6e2e23e508faf529
docs/05-security/CNPM_RBAC_Matrice.xlsx;23910;application/vnd.openxmlformats-officedocument.spreadsheetml.sheet;44def4e7937f45ca9034c3d60624ef46cf0f53080621202303562922a242250f
docs/05-security/data-classification.md;782;text/markdown;ba2d5d2407810cbb302acfdfd7edfe61e0e996dd8289e8ee6ffcc7252c1c213b
docs/05-security/incident-response.md;805;text/markdown;238ee2702937b7ab8f1e6317b15fbc4e704cb3d0f136aa6dda6b92e3771d0f99
docs/05-security/permissions.csv;5841;application/vnd.ms-excel;2b562241f1026a631f6454f045604e27bb02997311f3eaad4f542ea012d64baa
docs/05-security/rbac-grants.csv;7396;application/vnd.ms-excel;58f34ca274a1b5275b52ea4903788689411561772e4c34e82d224ee13b222023
docs/05-security/rbac-matrix.md;7986;text/markdown;5e5d0e1d7a26727bf91f328d800c53d2a6a05c48c8e726e49f8131389d4e94c3
docs/05-security/security-architecture.md;1493;text/markdown;96868053e6a14569e9ebbb7b227b6a7a36b03c94ec63086710ea7d019bcc3f8f
docs/05-security/security-requirements.md;1933;text/markdown;2fcba3cceccadd578bbbdb789de506f735a6fecc87d9f657dfa67ef1f3acf751
docs/05-security/separation-of-duties.md;1429;text/markdown;4194fce4158231992b030bb4f7867b0c07316d1b0af5f3229683f8348d6c97bd
docs/05-security/threat-model.md;1108;text/markdown;fcfe50eb61d8917bd2cc55ff317c4740e712e64a6c2cd8a19cc20372f358b48b
docs/06-ux/README.md;682;text/markdown;7109bc1cd36e942fe853fdfab2c1aa2ab638327d183bfd54c0c631b1fc1f1d9b
docs/07-processes/access-review.bpmn;1306;application/octet-stream;bf2461246ec7fb3269f75bd9938f9e9b26ece2633114691d5360b48be5be3b57
docs/07-processes/bank-transfer-reconciliation.bpmn;1212;application/octet-stream;48064259b79c4f16793fb88b24b17e2cd413dd02c58b632c527af92a329d7255
docs/07-processes/bank-transfer-reconciliation.mmd;279;application/octet-stream;da7a3e6db1fa85e29ba35d1de8d9a52ed37e534fa5d93a7ff873ebdf594d13ea
docs/07-processes/bank-transfer.bpmn;1579;application/octet-stream;c0f1507a30e8ffe3eebf5c873dbc37ad79f7274f4103a48205c650e5770fb6c7
docs/07-processes/bonus-calculation.bpmn;1185;application/octet-stream;78a216088c419504b2ce69a055c52ecc6010494c75f03236909fe4be57e73762
docs/07-processes/bonus-calculation.mmd;280;application/octet-stream;97865028c807522d15e181cf11e68e3d7f3881fb5ac736f44df72d5e17f56ace
docs/07-processes/bonus.bpmn;1347;application/octet-stream;a3ba91900b4e4019e21b83157fe8a6b1c1e2b9e267fea99206a97ea41599faec
docs/07-processes/contribution-call.bpmn;1310;application/octet-stream;5cab442f52f0e4e21efc59b296b1a68bd19b6f4736dbc5ee71e39588b0951773
docs/07-processes/contribution-campaign.bpmn;1079;application/octet-stream;a620f4399f3c784e3f45b1353effa183b2bb4d42256b1e8526072c322ccb7810
docs/07-processes/contribution-campaign.mmd;240;application/octet-stream;9b045a2b068cc2a27a92d826fcea871b345688da89f00f859de133ba03e7210b
docs/07-processes/data-export.bpmn;1179;application/octet-stream;d546fe589b15c47727fd97e5156b1d99387da868c7c9191bd84f7f095da76f05
docs/07-processes/data-export.mmd;286;application/octet-stream;26e5c77f322b58e04728e04695dbdf6c74ba3471c5321424b9d3ca12e6127966
docs/07-processes/enrollment.bpmn;1050;application/octet-stream;6883133ddc0c6c175ccf45dfa7edf8773903b44fe2a8b18b5389df421d62c3c0
docs/07-processes/enrollment.mmd;239;application/octet-stream;d5dcf1ce77a2342bf602e9adc5dfac0006ac90b3fbc63b06061ea0224728c917
docs/07-processes/incident-response.bpmn;1154;application/octet-stream;33e8af8905748319685f1ac7782f0262ffc09c9b08073a0c2f92e3b1fa6ab310
docs/07-processes/incident-response.mmd;249;application/octet-stream;354e26427f9fab82cc0dcfdf7f9550e416e22fe033591878cebf0a6bb2f51d9e
docs/07-processes/mobile-money-payment.bpmn;1199;application/octet-stream;88b5e04ff7e4ee8e86ff76a75c02f12e56b4452461938cfcb43cebf0a6f4a285
docs/07-processes/mobile-money-payment.mmd;285;application/octet-stream;b9980588872603f6b00425c4bde7c281084c1abc82ca4c52f28e7d6027ef3608
docs/07-processes/process-catalog.md;1769;text/markdown;b99a308ade08c3453f99d87ae2932fa80c0f2b5d172e45c5dd568c24ffc1872f
docs/07-processes/README.md;258;text/markdown;74d71f27acda912095536f18550a78a86541a5414382ae7565d6b0c6dd997c97
docs/07-processes/receipt-correction.bpmn;1201;application/octet-stream;747b2144805be3cb6010a7a364c99f9edcdfb009c32a28fa3d196945744a25fc
docs/07-processes/receipt-correction.mmd;291;application/octet-stream;99b50b7c29d0298b90b103ecffadbb4be52afcafdd130a505a436b9e1912715b
docs/07-processes/receipt.bpmn;1309;application/octet-stream;5ffa8a3dae4174ad7807adeb39e1546975c44cbd693bcf1bff8884bb3674a0c3
docs/07-processes/recovery-campaign.bpmn;1174;application/octet-stream;b02be10d87fc46f8f34d63477f01cf4abfecbf3d26df3a135d597f8866a2c93b
docs/07-processes/recovery-campaign.mmd;269;application/octet-stream;8e59f0480ffbf586d4c7f94622c2778f134d019aacf55edc4ff6ed442301c792
docs/07-processes/recovery.bpmn;1425;application/octet-stream;2f065cac2e9626b9cd7cddcccbc684038e07cb648e2e46d22ee05617ebffb021
docs/07-processes/request.bpmn;1410;application/octet-stream;0ce01d3ab37d7988668d59d85c218262c75795e96d55a2248ab3d66427da2839
docs/07-processes/revenue-share.bpmn;1326;application/octet-stream;189dfac77e44165d7ef9c5f9a7e94b6094de8132ee130ca24ea1ac0c42f238f7
docs/07-processes/reversibility.bpmn;1449;application/octet-stream;da8696201170048a6cd15bc5350f148ef35c8433beb572177f43cc8c46b92ffe
docs/07-processes/service-request.bpmn;1130;application/octet-stream;bc297563c3a06d6407503a356b15d7eae77db403d59629b389a2627cf559b088
docs/07-processes/service-request.mmd;232;application/octet-stream;732b15f733d1d297372760e8d977602d6b048738f10b034fdca92152a8ba80d1
docs/07-processes/state-machines.md;713;text/markdown;554fc042c5311a68e6dbf60b77cc32f31804f53ab01bc5b4cc6067de0532d6c3
docs/08-integrations/banking.md;641;text/markdown;c32352bc24b8c83cb38d849ddf431533b9d6e86d9a8e7ec7b05cfe5c0b5a0998
docs/08-integrations/inps-roadmap.md;682;text/markdown;a369863d649ea717cbe212b9f882dfe81fea603a6b52059fc330b313d18df9cd
docs/08-integrations/integration-standards.md;479;text/markdown;57932bacbcfdd8294ebe13dac4ed592df802e118c3bded9cbafc5c2bb9922464
docs/08-integrations/messaging.md;651;text/markdown;98f7ee074aa0fdcc4f7be0fd3a3d15f2c8e0595e3ff5e65008619f6f7aa21357
docs/08-integrations/mobile-money.md;677;text/markdown;46997513f67977c01ceb4eaa02ce1a8f6af177cd0b0d4ec3ce20341d58ce23af
docs/08-integrations/object-storage.md;662;text/markdown;8c2d81aed92aa5554ad342de7a60a20651e6febdf748a3d47e3368fb42f25d5f
docs/09-testing/acceptance-plan.md;677;text/markdown;f3bf4cd6cbfdaf646dab41c7cf5d17913f7688e37cfc70aeea77e4dfa42581bc
docs/09-testing/e2e-scenarios.md;1266;text/markdown;51f52f2cc18fb1fe599f4071e3f5889583d57087c52577079053dda3626e5fa6
docs/09-testing/migration-test-plan.md;554;text/markdown;9649509ac0726f6eaea40c7285af9993ed5fbf0fdd07b182e1871f9fc6e7b075
docs/09-testing/performance-test-plan.md;668;text/markdown;a521ac553979063c1259b33f2154d00429c34368e79bbe41e79d5eacaaae4f6d
docs/09-testing/test-catalog.csv;107930;application/vnd.ms-excel;25b8b969005cdc3fd6e4e969bb86d1cb6848e3422a61753b6327f59a438f863c
docs/09-testing/test-data-policy.md;388;text/markdown;32ddde2c6d279230484d81ccc217268059c3ea903b990325fb46670124b46d55
docs/09-testing/test-strategy.md;1140;text/markdown;7906c3ca9c6ed10b8b5accba539aa00f783255abb9c603211de337452abdf801
docs/10-operations/backup-restore.md;666;text/markdown;91c062bf182e6086b306aa22662d3a60d782678cf041aef58265583f5d2fb80c
docs/10-operations/developer-environment.md;544;text/markdown;4c44ac4ef34735fe14184b680ff8378a3b72b9cb06c47c9a55a15bfa145718ba
docs/10-operations/disaster-recovery.md;568;text/markdown;1066799349d9673c1a0ac82365073db037f2b751a375bbd90ca5d9367f7739c6
docs/10-operations/environments.md;789;text/markdown;56d8bac9cc88f5cac63361a1e0b638251083b044fdbc398dc27ac39fe9ca7fa0
docs/10-operations/observability.md;537;text/markdown;84e7feff5ccb74494a2c17feaeafee6562e7d996c94b6abf21029d7525d973ce
docs/10-operations/reversibility.md;516;text/markdown;868ef6e6714c905f27ed6c5f35de7b9d66d1ec08944b58ea69830d03110e7b97
docs/10-operations/runbook.md;733;text/markdown;957fb54b35194eaa3a9272f97c7227eda2054234b33f461b18bd020373ed4706
docs/11-claude-code/operating-model.md;1039;text/markdown;0ad07a9a681c4285cd65a323c6cf9246d54964f099953f70c022e6adb423a3dc
docs/11-claude-code/prompt-library.md;711;text/markdown;c197385a9d12921a5f1301f156dfaa830d7f900e51991d2cf6f32d046465a777
docs/11-claude-code/PROMPT_MAITRE_IMPLEMENTATION_CNPM_CLAUDE_CODE.md;32077;text/markdown;723d2a203a674768fbcd19a125feb9c5a3b6379138ccfb9a7f3c4508a206908c
docs/11-claude-code/README.md;488;text/markdown;dfb2d6d0ce2efaa238e1c50968902a85830050df86b4dad23a3627158e6545e0
docs/12-member-showcase/acceptance-tests.md;1668;text/markdown;d4fc9f3934d6d4d9992995310b7e80a3c0cb8ce8ff67626dd6fac8e54a01c28f
docs/12-member-showcase/api-addendum.yaml;10106;application/yaml;2dfcc2fae1331f1408be88f8105a36f8046e8c2ea89e4f2e7363db2805d1f827
docs/12-member-showcase/data-model.md;2342;text/markdown;6600f224b838cd0e0dc2898381d78bd841e71afe1a1b9b3cfd193345b20db966
docs/12-member-showcase/permissions.md;1310;text/markdown;ed89c7a833d27ad09d746b7d4131d35afd42d55e9595aaf54ff1ac0504922c4f
docs/12-member-showcase/promotion-checklist.md;922;text/markdown;c88d7172984ae7b200d409c833b94c175a00b3059c342518528da01849e8d979
docs/12-member-showcase/README.md;1423;text/markdown;3c06113e655a471749763c308b4b7f2d619b4444606d7a9039b3811b7b8426a7
docs/12-member-showcase/requirements.md;2982;text/markdown;5b8947645caa52eba3d629c8cd74396043462120f22aa382b4f775c42e8cf821
docs/ui-handoff/assets/brand/README.md;529;text/markdown;b61467cbe1253e8ea20ae4a94d3fc9567fc2ce95acde1029868cee101c7d282d
docs/ui-handoff/assets/placeholders/avatar-placeholder.svg;225;image/svg+xml;1c1927b538616b09026822591a67ca34bc4fab1486cc910a813dbe107396961e
docs/ui-handoff/assets/placeholders/company-logo-placeholder.svg;482;image/svg+xml;7f108e5237591fae66b61ed1f10a3590da99ac889dfd9edebed8a6a4cad96d71
docs/ui-handoff/assets/placeholders/empty-state.svg;446;image/svg+xml;01a8e96e6c8936957d353b97614ab7788830d4360bb71fff1cd4a623614466ed
docs/ui-handoff/assets/placeholders/image-placeholder.svg;422;image/svg+xml;19780189d830537aef1da5c88aba3e3f06ce3e1fea88f56ec1a33ba154ecc95d
docs/ui-handoff/assets/reference-screens/full/ref-auth-001-login.png;1404866;image/png;6edfae84ab720cb8032efb0778575661cae177a1d5e98009223e3eef975d93f7
docs/ui-handoff/assets/reference-screens/full/ref-bo-001-dashboard.png;1228359;image/png;479ee26fa681b7ec961e953ca9877312168b116926d88b8de1b4695ec8e6a0b0
docs/ui-handoff/assets/reference-screens/full/ref-bo-002-members-list.png;1323259;image/png;37137985a94b6227f255ee89c446922550083159dcc8fe26612d7a2515ed511b
docs/ui-handoff/assets/reference-screens/full/ref-bo-003-member-detail.png;1240761;image/png;9b349dbc3f0c52eb4cef813d0fe144b9021baa04e6ce2a756dda53d272d9913a
docs/ui-handoff/assets/reference-screens/full/ref-bo-009-enrollment-form.png;1097138;image/png;fa86a32ee6fc0cb075cf875de2f7598b19398155a22bd66a98c01c49909044c3
docs/ui-handoff/assets/reference-screens/full/ref-bo-011-contributions.png;1181737;image/png;d3c3cd92fef1250527e3c9fca587040190d4e5d28637ea10731c7f10002341f4
docs/ui-handoff/assets/reference-screens/full/ref-bo-014-payments-reconciliation.png;1257096;image/png;fd09982a64e02710089814c6671ad0f6ae6064c2addf9ccf7eebcb5c636ca75a
docs/ui-handoff/assets/reference-screens/full/ref-bo-017-recovery-campaigns.png;1261503;image/png;746331ebe2ba1c5ef9f1d8d4dc3125016269d2df1d1100bfcfb419c90ad64901
docs/ui-handoff/assets/reference-screens/full/ref-bo-028-reporting.png;1436085;image/png;64a294c030c624c6ced0f28325f92c29856105557166a890d7a66eeb2c2b018e
docs/ui-handoff/assets/reference-screens/full/ref-bo-030-admin-security.png;1259422;image/png;b7a9714622802cb08bae6fa1a2efb29616460f668dbf5041fca852266eb1e6d1
docs/ui-handoff/assets/reference-screens/full/ref-mob-001-mobile-board.png;1488371;image/png;8f754ea57697cd36f545ba985619d1c06f978d2fbc760fd171013b892cbcbd01
docs/ui-handoff/assets/reference-screens/full/ref-mp-001-member-home.png;1250460;image/png;2e4475382362d2a0f9764dd2c346e5533af38d638be879b997f215ec77c8a405
docs/ui-handoff/assets/reference-screens/full/ref-pub-001-public-home.png;1335217;image/png;7a4da9392a60a2f6ba8c990ff369c2e2f4a9f42e543c8a9758ce41e5fb2f58a4
docs/ui-handoff/assets/reference-screens/full/ref-pub-006-member-showcase.png;1796611;image/png;2dc637a9d494e53cdaed3b2c420f826251c3af822cdbde90e592556e8a2a237f
docs/ui-handoff/assets/reference-screens/manifest.csv;3930;application/vnd.ms-excel;697f0675de769740829451a82f141d5bb336b990adae55f5750dc618bc387623
docs/ui-handoff/assets/reference-screens/manifest.json;5966;application/json;8f580d0503bf465d17d95b2646e1b9f3f29f29ae8195a4c5a19a21a4ac7c26a8
docs/ui-handoff/assets/reference-screens/thumbnails/ref-auth-001-login.png;231456;image/png;fadf60ac17a2533330a08ae44be4d6d8c08740dda57a7aa6634fd53f363b9bae
docs/ui-handoff/assets/reference-screens/thumbnails/ref-bo-001-dashboard.png;234108;image/png;4bbbc92e317ce67f0d854e54459df42650cd527a1147698a496553db17df5b8b
docs/ui-handoff/assets/reference-screens/thumbnails/ref-bo-002-members-list.png;238050;image/png;97ef9c481feeeef7136c1b34b4e3e28dd2a596441297ba2e4e55c6d0a4c508e6
docs/ui-handoff/assets/reference-screens/thumbnails/ref-bo-003-member-detail.png;235011;image/png;75a17b3c886de65e44cb74ca72ac060339eedea0bd4420b7e31917a95f0b5614
docs/ui-handoff/assets/reference-screens/thumbnails/ref-bo-009-enrollment-form.png;205892;image/png;daedbac32ae4aaa35f3e671f5e5e09031c90175b0e0166b7336de80f362b67d1
docs/ui-handoff/assets/reference-screens/thumbnails/ref-bo-011-contributions.png;222968;image/png;709e728535324d37cfdf5e3609736774ea006eae7dc0586d175ccaa24889164c
docs/ui-handoff/assets/reference-screens/thumbnails/ref-bo-014-payments-reconciliation.png;231589;image/png;6c0c8b8419ea1b5a86081446813dbb41cc4c4c8317e9a0d11ec2fa9c94ffa6cf
docs/ui-handoff/assets/reference-screens/thumbnails/ref-bo-017-recovery-campaigns.png;238212;image/png;919517fde53d4be32a70b304d56d84821086ed42afac40b1b1ee6ed0f09c65e9
docs/ui-handoff/assets/reference-screens/thumbnails/ref-bo-028-reporting.png;254129;image/png;b7839352cf0974201e789f3c83c376a0a82dabbab046ba5360dbf3717c166320
docs/ui-handoff/assets/reference-screens/thumbnails/ref-bo-030-admin-security.png;223441;image/png;0ced39d833e6abfe2c2058a6904a2eba7dd0bc0e28737dfe9b695751e42d8d69
docs/ui-handoff/assets/reference-screens/thumbnails/ref-mob-001-mobile-board.png;253218;image/png;6c5ca1b624b9d15f1ec8c4d9f4c81fd529cb9e97d798846a8036593cd70072ea
docs/ui-handoff/assets/reference-screens/thumbnails/ref-mp-001-member-home.png;228845;image/png;739c829155173c23e204800d1c0d30d02a2cffa718053669e10a0dd083afaf3d
docs/ui-handoff/assets/reference-screens/thumbnails/ref-pub-001-public-home.png;244352;image/png;2e1b7b0153d3c2b631450d16f73bbd05269af5ecc8fe8fbb12de9da1add5ad71
docs/ui-handoff/assets/reference-screens/thumbnails/ref-pub-006-member-showcase.png;308844;image/png;6aad3d947b3d61db776682f4b2237f25a9efa80f542268d07cdfe4279d0fc53d
docs/ui-handoff/data/component-catalog.csv;7524;application/vnd.ms-excel;a0877e2e9267ae75947d32667365abceab7cf90f7ba299d9f7695c723a79c9e0
docs/ui-handoff/data/component-catalog.json;19071;application/json;1bb75637e8e5e96338a13dd8a8c8303a6f954eb575353adb62ce1bd46e972b00
docs/ui-handoff/data/demo-fixtures.json;18999;application/json;3cd93c3de3cbd8b5886252d6955a93ba600510c4ee3bc7725ea372fab1c26b2a
docs/ui-handoff/data/member-showcase-sample.json;1680;application/json;2861c77104c571892739d718418787e0bab9e06f2c2dde0024346620c9185900
docs/ui-handoff/data/member-showcase.schema.json;2842;application/json;18f5db54c032da647624e348b108521a0a46ca1eacc4b4f2da954ae2c8c4f57a
docs/ui-handoff/data/open-decisions.json;2925;application/json;9e073d37c83076fbc1bc4048a3d8ac772ff87023f8c2c040bf0d144fab8483f8
docs/ui-handoff/data/screen-inventory.csv;10787;application/vnd.ms-excel;ba95d734a5136a6f725edc952373136e34adc902338688092bfeada8a9cea351
docs/ui-handoff/data/screen-inventory.json;28253;application/json;3465b3b84969ce84e4e6adf44165c134ae74c996991663b9608b8100042e8156
docs/ui-handoff/data/screen-inventory.schema.json;955;application/json;4106995579a859f159daf49a0ec241230e564c2d013bd754fe815696c1b23684
docs/ui-handoff/data/ui-copy.en.json;355;application/json;36af92bb99aeddd5d2584dfa86faf5898da4f4d184846f06a65a498b46ffdc9c
docs/ui-handoff/data/ui-copy.fr.json;1721;application/json;e745252de044ae3d96712b12ed808efed5002d24f34956a5c5d03662bbcac8b2
docs/ui-handoff/data/viewports.json;1564;application/json;96aee8e09f457c9083305f575d3551ef121c7cf706ab4f2ac9fa3fb6189d9472
docs/ui-handoff/design-tokens/_tokens.scss;6417;application/octet-stream;2c0e186b5df0e4d9eb36d9773819ffc3e512525b322838d6ae22ac37e98ae107
docs/ui-handoff/design-tokens/cnpm_theme.dart;1925;application/octet-stream;311d1ddec3f242526ddd8b836613a59d002b816c02c4ba01b4ba3811ae15c447
docs/ui-handoff/design-tokens/echarts-theme.json;1233;application/json;a18186d7cf65015a80dd088931f0f631e70113b5ba1bd8a6804c23fb37ad2024
docs/ui-handoff/design-tokens/package.json;233;application/json;23c02454d264544e663bca86a278b0dbcc4b713ccb5deaf55acd768a2fec9937
docs/ui-handoff/design-tokens/style-dictionary.config.json;479;application/json;ce708582e53ad650b0fbd80e06dc793ffdd95f7249ec0ce67a401df20eeb2d70
docs/ui-handoff/design-tokens/tokens.css;7124;text/css;8a23853d3f9de7d7ac03aae857acf97296073a57b92f2f80d92e5f06cc922ab1
docs/ui-handoff/design-tokens/tokens.source.json;5801;application/json;e1f2afd425d7e53ac7d39eb4b9aa8527f2395b1e22ccab9c4ae26c5707f6ba6f
docs/ui-handoff/design-tokens/tokens.ts;5920;video/vnd.dlna.mpeg-tts;f460ddf5a47b637426df85433f075fa8319a8b0252c30c6721d63c18eaf19801
docs/ui-handoff/docs/00-governance/change-control.md;783;text/markdown;dba3302db623aaca833b69a591c602c7f531e500f153f404681ab890a96782d8
docs/ui-handoff/docs/00-governance/handoff-scope.md;1214;text/markdown;8748463a32a280027d4179fa32ac14b66fd7c2b5a144d7a2d04e307492b38d30
docs/ui-handoff/docs/00-governance/legal-and-asset-notes.md;1084;text/markdown;1f99c8150a897bde3ab5a6f1095df7960886f9d87d1fb66d5ef6324b8ccffcdc
docs/ui-handoff/docs/00-governance/open-decisions.md;1327;text/markdown;9599652e8720e330eb52ce8161c70de7f6dfca8de040a68d16d366a28a805b2b
docs/ui-handoff/docs/00-governance/source-of-truth.md;1254;text/markdown;f3dd30111effe407e5ee22ab12bdf28faf91c2ff267dea9a5c9158c8ecba8f2a
docs/ui-handoff/docs/00-governance/tooling-references.md;602;text/markdown;9a305b3f3e9f9c503a34dfad50d88c62df8637561551ae3f5d6aa55cd550d164
docs/ui-handoff/docs/01-foundations/brand-guidelines.md;996;text/markdown;d8cb13b37c7ae995447e7025bc0e6576aedef9564d7c071c6d2eb13e0f152e62
docs/ui-handoff/docs/01-foundations/color-and-contrast.md;940;text/markdown;5bd1aee9fea7f85ac9d8b422dda25da0763e50b7b5c8fe88a4788ea96aabf670
docs/ui-handoff/docs/01-foundations/contrast-report.md;619;text/markdown;15dcc918978afa4d3c39478d73c9b2dfe3c7e7c0dd3657d145a20dc7b8c72350
docs/ui-handoff/docs/01-foundations/design-principles.md;2679;text/markdown;75691cb9ce43f2ec59fae3a20e5aac8d79b265625fdd715fface6b79fc56264d
docs/ui-handoff/docs/01-foundations/design-tokens.md;2372;text/markdown;5c74d9edd615f5ca7cd1a937128f3926e6e818995f6b82420c5c5c4b6a32237b
docs/ui-handoff/docs/01-foundations/iconography.md;1343;text/markdown;1a4eb09cc82afe91d4eefe7438a09d3ed0fe7be3606afe48b1963cf311fb8d4a
docs/ui-handoff/docs/01-foundations/imagery.md;1153;text/markdown;209f5b8caa5333069c4b04568d28ef810acb018599a75b725a1de68e0e9bf917
docs/ui-handoff/docs/01-foundations/layout-grid.md;1306;text/markdown;3f58b9f17501b4b1e8e908eced7b3330df520d0c8463878bc419bf315338f1ec
docs/ui-handoff/docs/01-foundations/motion.md;776;text/markdown;a7ff620317c99cddc778d8bbb900d9712dc82cbc2aae8d6cf691c2e0630bde85
docs/ui-handoff/docs/01-foundations/typography.md;1364;text/markdown;c727d2cad0447c543322fe0fdaafee18d22ec323a1f7931b0259cb7e361cfea7
docs/ui-handoff/docs/02-components/buttons-actions.md;1416;text/markdown;34bbd4f1d540b49073cbed0bdc460c61feaf8f09f4724f0dfebf573c0b453c45
docs/ui-handoff/docs/02-components/charts-visualization.md;883;text/markdown;3ab1f17d4b136218903b2361b75e7449b2e480faf2f3ab143058bca29173bae5
docs/ui-handoff/docs/02-components/component-api-contracts.md;1178;text/markdown;44dcf159166151d01514791c51e0b411b2ee190191e5ee9e881378891db5a7c8
docs/ui-handoff/docs/02-components/component-catalog.md;7090;text/markdown;5f1073fa97fecee78c7bc61f2728acdd99f22189bb30c816e80dc88f82fbc5dd
docs/ui-handoff/docs/02-components/data-table.md;1337;text/markdown;9f8ccfd51854d3565cc4d7acbaa85f92080de304c4b527e66c60867136dd534b
docs/ui-handoff/docs/02-components/domain-components.md;1548;text/markdown;8a1089fdcfa36f330f360eaa85ff42c2ea6b6e01630bf60963d3e1d2c790e9ce
docs/ui-handoff/docs/02-components/feedback-states.md;1110;text/markdown;47b58d3d400f0ae7a4fef1188a95c7c336326233b3bacd72e8af6b17b2d04aed
docs/ui-handoff/docs/02-components/form-controls.md;1352;text/markdown;5849bb55e2df1307f2f535e7371c4b0c825da316ac4b79788e43214727f7ef30
docs/ui-handoff/docs/02-components/navigation.md;989;text/markdown;2c187637fc6284ffc263460fde19576575d01ca1c6a94df78487b050fdf89c16
docs/ui-handoff/docs/02-components/overlays.md;783;text/markdown;591df4f9838bf2df9b0976a1407b5f159345f1afb178181aa68bc97403caa0c0
docs/ui-handoff/docs/03-patterns/authentication-2fa.md;1081;text/markdown;c3dacb3e1b457fa53f474263bcf5a59b5da140d69d8f408baa2ee5f7e617323c
docs/ui-handoff/docs/03-patterns/content-density.md;911;text/markdown;e575bc4309707009eb6d2c3f835d0ddf806e617851bc02b5250b724635505c89
docs/ui-handoff/docs/03-patterns/forms-and-validation.md;1148;text/markdown;cd0c8173e180590d536f6546a6dc167a5b7103065e0f31872c927d64fa44ad20
docs/ui-handoff/docs/03-patterns/loading-empty-error.md;844;text/markdown;428b12a5cc12aa834e9958a65cc6d35aa639f83642893eb642f92d253522cbe7
docs/ui-handoff/docs/03-patterns/localization-formatting.md;793;text/markdown;630df2beadbddecaaec5248c0668efcd602716cf8c7a06cf235147335509e697
docs/ui-handoff/docs/03-patterns/master-detail.md;760;text/markdown;a56b22045978101cbd8f5d1f39a50758f24943747d62a73e910d479764022752
docs/ui-handoff/docs/03-patterns/notifications-audit.md;768;text/markdown;31fa69c646ea473c018a0a051193d5778d92e9d44f0c5b0fd064d63e5c6e30ec
docs/ui-handoff/docs/03-patterns/payments-reconciliation.md;1260;text/markdown;449bfe5cfc8157e342ee6dc6e46ca65b06958e806c3cc8d9c3548862f76ffe5f
docs/ui-handoff/docs/03-patterns/public-member-showcase.md;2044;text/markdown;57e461794bcbc0d0db58abebd3028494c083cb121000a0248bddc9f7cff161a5
docs/ui-handoff/docs/03-patterns/responsive-behavior.md;1784;text/markdown;79d0de7340ae89994d72a2492686c328bc0f624143732cf773567e3c03372c83
docs/ui-handoff/docs/03-patterns/search-filter-sort.md;1089;text/markdown;bba8302973763bec6d2710f63e0f1867f95b8bd88faede2117f24f687d485bac
docs/ui-handoff/docs/04-screens/reference-index.md;1649;text/markdown;f33d7c2a539d9b46bfd5fa71cf216006d9672a705633f7cc797597f7be0e6712
docs/ui-handoff/docs/04-screens/reference-specs/BO-037-showcase-moderation.md;898;text/markdown;3f4df433ee71d9068177aced0d3f12a776a80c0a3bad6459c1e4d6d0897575e9
docs/ui-handoff/docs/04-screens/reference-specs/MP-015-showcase-editor.md;1268;text/markdown;f5becf077d8ea462e49e613bc06cc03c32e79bb2f90629f79564207a17828cf2
docs/ui-handoff/docs/04-screens/reference-specs/MP-016-showcase-preview.md;769;text/markdown;299c00ae92bb0d9359306fbb23edc69bbacb7de69e9937b18688c69402326718
docs/ui-handoff/docs/04-screens/reference-specs/ref-auth-001-login.md;2365;text/markdown;a0b8bc309998e6190b3f8b35dbfc525db592ab22d1d5bd3d1243fcdecc5f6111
docs/ui-handoff/docs/04-screens/reference-specs/ref-bo-001-dashboard.md;2075;text/markdown;cf6018a32d9d78dfac4509d385d6e6f28ed5fc805b1095c44d5576fc17a7df9d
docs/ui-handoff/docs/04-screens/reference-specs/ref-bo-002-members-list.md;2055;text/markdown;1f51f46d9214c3b828a0fe87015159bf360b0b344d039daa5adf82ed64f01fb4
docs/ui-handoff/docs/04-screens/reference-specs/ref-bo-003-member-detail.md;2105;text/markdown;a4668533f8110da0417e546a2d7f2e799aef1984ad4e062063560472b9b4548b
docs/ui-handoff/docs/04-screens/reference-specs/ref-bo-009-enrollment-form.md;2138;text/markdown;33c4ff9fc728617f9d04c5590ede05b83828551c70f14fae34d4b0872a725151
docs/ui-handoff/docs/04-screens/reference-specs/ref-bo-011-contributions.md;2000;text/markdown;d6746844309f9aa5126a6f265e7c44e18b25a86b8f2cbd35e50b8ba2ab72e8fe
docs/ui-handoff/docs/04-screens/reference-specs/ref-bo-014-payments-reconciliation.md;2102;text/markdown;58324df65f78125abc2229218cdea408ff74bbc8a742ee6e65619415aa646471
docs/ui-handoff/docs/04-screens/reference-specs/ref-bo-017-recovery-campaigns.md;2034;text/markdown;edd0ae48f67475d3d33184529efbcc3f415101c4e0a5adc219a07023eff631c1
docs/ui-handoff/docs/04-screens/reference-specs/ref-bo-028-reporting.md;1943;text/markdown;12884630dd40939b54e6eb8113ef6d1a3603f6b22bde8f6abef575782cf61b08
docs/ui-handoff/docs/04-screens/reference-specs/ref-bo-030-admin-security.md;2008;text/markdown;75fb76c0d4c20964e8d01d18dbda659b404ee2491101aaf79ed089574a2db402
docs/ui-handoff/docs/04-screens/reference-specs/ref-mob-001-mobile.md;2102;text/markdown;35ed47a11d8ccbad37d6382eac0c3c932298a904c3d16102a965c404cff859e6
docs/ui-handoff/docs/04-screens/reference-specs/ref-mp-001-member-home.md;2024;text/markdown;3c7ce3c50a734e83977283e1856f24e7eaad9438598136c368dd40899e099957
docs/ui-handoff/docs/04-screens/reference-specs/ref-pub-001-public-home.md;2180;text/markdown;029093cdcb311d9cf56328f3a824ac4cb1b3c56bc1194ba504c9bdaa52e4fe7b
docs/ui-handoff/docs/04-screens/reference-specs/ref-pub-006-member-showcase.md;2338;text/markdown;f5ed8e7b74fcb930f807111fea1fafdc63b1791eae2aae66449a8daaeefbc5ac
docs/ui-handoff/docs/04-screens/screen-inventory.md;11522;text/markdown;83bea67f286c9ecd68984f2798b1a4c17c73588c6df13cb06e6f4f4a01d6da7b
docs/ui-handoff/docs/04-screens/screen-status-model.md;595;text/markdown;8151e0ce99796017c0679878a93123a49ee04a3dab0ca7f96b96498aa71d01ac
docs/ui-handoff/docs/05-content/date-number-currency.md;890;text/markdown;b8c81ad952018ddde0cb058b6b46cf315ae4d3b6216c8c1ff958ee1828090357
docs/ui-handoff/docs/05-content/notification-copy.md;1247;text/markdown;ecb424c481ed595d9cb983bbfd36202463ba47a72949756f0dfe8d9e454ead7f
docs/ui-handoff/docs/05-content/public-showcase-content.md;1267;text/markdown;28ef4767b06a23fb9b0af45c6d870d950c5d015e99ad5b8cb64491c67d1c4453
docs/ui-handoff/docs/05-content/terminology.md;1999;text/markdown;ba407f373546fddd7939434c9793f919d5a98e41d35dac27dd4f945e4ecc1629
docs/ui-handoff/docs/05-content/ui-writing.md;1347;text/markdown;9ea9a97c07b40128fe003373748c070e8e2084067abfcd9af53832caad8c69db
docs/ui-handoff/docs/05-content/validation-messages.md;1720;text/markdown;4284c6eb2b0d6846efacce253dc333dc4f88d4cd89fe4c5460376f08b532319a
docs/ui-handoff/docs/06-accessibility/acceptance-matrix.md;753;text/markdown;2ae00379861622da2a735435ee4f1f2628b6d262feb27faa4722bad1c64ceba9
docs/ui-handoff/docs/06-accessibility/accessibility-requirements.md;1282;text/markdown;53f872d014cfa076a55b1b6d1084b3083d77701febd0134e5ccdac8f1d6958ef
docs/ui-handoff/docs/06-accessibility/keyboard-focus.md;801;text/markdown;4e052b33e5f8f66d4202c5835894858afb799df52551c4932917fd9ce03b4bb3
docs/ui-handoff/docs/06-accessibility/manual-checklist.md;817;text/markdown;ea210a91f1bddd4d81624274a3e4bbb71b7d803d2b423106475994e562616f98
docs/ui-handoff/docs/06-accessibility/screen-reader.md;770;text/markdown;18a329b3756da100cd07e6a35db4cd7309d8accfdf4c1c998ef61dcb20e59fe0
docs/ui-handoff/docs/07-implementation/angular-component-guidelines.md;1155;text/markdown;3be792743f28af6965d9d022053b11ebb6ac658c4161f9a4fde6ba757ca85758
docs/ui-handoff/docs/07-implementation/charts-implementation.md;865;text/markdown;21283b8e3a008192f409b59ee3ecc7c7ad131f5925852444d74651c42f5784fb
docs/ui-handoff/docs/07-implementation/css-scss-conventions.md;857;text/markdown;0cb0d914a5e0f918f6704d4c639739ff1be51976e2f7dd3a493493b4fd3f178a
docs/ui-handoff/docs/07-implementation/flutter-architecture.md;1125;text/markdown;1877798aaf4e5f9c9e910646b4c797c8633902fb32f5b7d2cc16dc2523931e98
docs/ui-handoff/docs/07-implementation/frontend-architecture.md;2179;text/markdown;0430bfde1147bf85d1cc305a915890c690f0e3e1e6b57391c2c58b6b3210d31a
docs/ui-handoff/docs/07-implementation/i18n.md;757;text/markdown;0fa30d71ec7a2e7356aeb7454af7650bbf922fdea80a9eca098b3660b221f653
docs/ui-handoff/docs/07-implementation/icons-and-assets.md;893;text/markdown;cceef9c8d6d625ee60c5aef2781f53fe27a047c8c96141e816d893155bade1de
docs/ui-handoff/docs/07-implementation/implementation-sequence.md;918;text/markdown;53cc143a70c1e7f7475a7f263ff79f0f09c43263958aa0b48334b345d743a112
docs/ui-handoff/docs/07-implementation/performance.md;856;text/markdown;8b04718be00a135a279e4e768b7b4845254da0a53cae35c5ab590ee10bba474a
docs/ui-handoff/docs/07-implementation/print-and-pdf.md;706;text/markdown;ebcf273ad088a621b1daf4d66448d18f2166bf7c6ca6e0851a3e8db48aa28340
docs/ui-handoff/docs/08-quality/acceptance-gates.md;754;text/markdown;7b82d26ed857751cbf68daa96d042a663ec5a305473c2aa11c8832aaf4b5d13b
docs/ui-handoff/docs/08-quality/browser-device-matrix.md;947;text/markdown;4edf3877f348b0d17c60f00c49a02130d5c67ad2cad5a8b10da641eaece34806
docs/ui-handoff/docs/08-quality/storybook-coverage.md;750;text/markdown;c9b1449b977dd41b4f775a9db52b90a8f19a6a06d017072d3bb8e162a0f3a549
docs/ui-handoff/docs/08-quality/test-data.md;763;text/markdown;a2b4f7370d1ef7c228b8273e962dce281550510e01288bc6967a56049d376ab5
docs/ui-handoff/docs/08-quality/ui-review-checklist.md;1115;text/markdown;c644be224424eeb78326521b01cd3a3076bdaee770f4219129610e7be566cb59
docs/ui-handoff/docs/08-quality/visual-regression.md;1475;text/markdown;7ebdb5b4c9601b4afa22aa91bd9e6e8bfbb07ff95cbd6a4fa1edf248f75dcf34
docs/ui-handoff/docs/09-handoff/claude-code-workflow.md;670;text/markdown;6d5b5577650746aefdf39f5ab4330ce870616a56b7910644e6eb98bbe2a8d967
docs/ui-handoff/docs/09-handoff/codex-workflow.md;443;text/markdown;360805283ae011b9d531265dcd8e7891aeab09c679b8125a04a3a5c9edaca36d
docs/ui-handoff/docs/09-handoff/delivery-checklist.md;733;text/markdown;ed36264f5cfdd0ed47295b975da009753323f5d1166d37667083989a283a9e1a
docs/ui-handoff/docs/09-handoff/prompt-library.md;1473;text/markdown;84b74ed7a25c9fe102851493c0c06bd33b992a474cc884a1a4528db3bdfe7ca6
docs/ui-handoff/docs/09-handoff/ui-definition-of-done.md;940;text/markdown;563959dd678a5933dfd9c20edba416d1b48af7de448678655e81c59c99a610a0
docs/ui-handoff/guide/CNPM_UI_UX_Handoff_Guide_v1.0.docx;18449193;application/vnd.openxmlformats-officedocument.wordprocessingml.document;51c3c56035b0d722dfc4768c66e868fe188646c8a7484e67ae418f18df4f3214
docs/ui-handoff/guide/CNPM_UI_UX_Handoff_Guide_v1.0.pdf;3772826;application/pdf;795599ed797dca56b7e23ef2ed5a3db8eb849649c817d0685194006a281a4ea5
docs/ui-handoff/handoff.config.json;2286;application/json;863f5f822fbc638914216d969423344e54b1ec1deb7fd3eb125ab3572ff3c6d6
docs/ui-handoff/MANIFEST.json;30810;application/json;2bc74aa91cd8a2f7787e156351a39f83171bfda8e920692b555a6e35dea58a0c
docs/ui-handoff/MANIFEST.sha256;18959;application/octet-stream;3c8d2dfd10cdb08c5c016215e64c97be7683d40ede426683d24460a357fea3d6
docs/ui-handoff/prototype/index.html;7600;text/html;3ef8eafaaf77bfc38d28aea4e7222addb156f1f2aec6c92b16c51b71abd7b9ca
docs/ui-handoff/prototype/README.md;196;text/markdown;acb4c2d7477cd6d0560d40dab2e0dbe23a054dc0b7abd49827dbf34ae7bf9649
docs/ui-handoff/prototype/styles.css;6400;text/css;bb6c917ce68596220797a85a21b177a5fa1d13caaf098abc7d9747c5dc9e74dd
docs/ui-handoff/README.md;1935;text/markdown;52480c90410eed8626dcbd9d1accbc419c245ca331ef07f90048862f8c5f69f6
docs/ui-handoff/RELEASE_NOTES.md;887;text/markdown;13c5b22d005494d49e00d280d39d475acdd1d512d890ac3b363c94ca20c490de
docs/ui-handoff/scripts/build_tokens.py;549;text/x-python;09859ae113449cc09ee1c5923e4b115de000191a7172c00fc38e465ef3893540
docs/ui-handoff/scripts/compare_images.py;1377;text/x-python;4c394f7a449ccd7f7422f32e7465afae9c1e938d083a03078481f92d7dd68df9
docs/ui-handoff/scripts/generate_manifest.py;1076;text/x-python;974a797442cb5fba8d20fd903353a1bbae8d84940db26c6be453b3ff5098e485
docs/ui-handoff/scripts/validate.sh;164;application/x-sh;821286081fe42faa61a01db8f99e48cb0deeee6d58896ff25e3e47d74eb0dfae
docs/ui-handoff/scripts/validate_handoff.py;6917;text/x-python;463ad31d1d1eb40c37c52d3b358b4cffba87488a569667a0de670ab44b758ed6
docs/ui-handoff/scripts/verify_assets.py;624;text/x-python;8978a09f00663ffa44bb11c88eedbfbf0555e4d86fb205f481aabd39c0e5b6b7
docs/ui-handoff/START_HERE.md;1540;text/markdown;9d2073a42da0c0874c00878e7c072c4ec182f40478ebd8043921ad0aaa8bdbf7
docs/ui-handoff/templates/component-spec-template.md;258;text/markdown;bf427fae941813e1bdb54cf343019cc93ebe837d89ff5c79dcbd8d26cc123fab
docs/ui-handoff/templates/member-showcase-content-template.json;567;application/json;0252e06c718738397d91b53068828dd8e32cd9c76f9d64fa77f6367ffd40245b
docs/ui-handoff/templates/screen-spec-template.md;508;text/markdown;52aa5fe3d74adba509e1edad4d3f6e49a5fd3412bdf8bd4d3c0e46545feb8326
docs/ui-handoff/templates/storybook/README.md;672;text/markdown;e2f25ae43f346f9acd23d222e18d0981abc8b9e649a4430933d6a51dc9e4649c
docs/ui-handoff/templates/ux-review-template.md;427;text/markdown;77907cc2684860ca54fbdef314c956c4821dae2035f5053c01a9b9b62f6b9a6b
docs/ui-handoff/templates/visual-test-report-template.md;423;text/markdown;f475d0b831541f07923b127bae300954d853d85080345677a9e3528a78acf191
docs/ui-handoff/tests/accessibility/axe-playwright-example.spec.ts;412;video/vnd.dlna.mpeg-tts;55eb6c495dc7ff3334bfa9ee756db21b1cae7810ba179e2ac518088950801e1e
docs/ui-handoff/tests/accessibility/README.md;319;text/markdown;5afbf164dbda4100e1fae39a345cb9f4911d854e4d2a3217fb8ba4284411975e
docs/ui-handoff/tests/visual/playwright-example.spec.ts;479;video/vnd.dlna.mpeg-tts;697b8399dcbd8fc3a34e5e48ef92af2e24c2043ea106f9676e8e680ecd3bf88a
docs/ui-handoff/tests/visual/README.md;792;text/markdown;909184a0ee20b8c558995127558aff3a9732b9036e3aed7bf0b050488dc27d93
docs/ui-handoff/tests/visual/reference-map.json;2807;application/json;4da44b204588663319ef19c7e642543dc28bc72bd22446b3b12311a43bc97c77
docs/ui-handoff/validation/guide-docx-a11y.json;139;application/json;d8de462f88b8a9a8d204880580cc90f3737e3bac7af37c8fd3a7c0dd998afc7b
docs/ui-handoff/validation/guide-pdf-preflight.txt;138;text/plain;c6d584453f56f12dfa9c139cb683b4c9d997a8c4b13fa5fddf399322200de82d
docs/ui-handoff/VALIDATION_REPORT.md;1319;text/markdown;74e00dccd972dbeb7fa747e306331d83a0cf278e4ad813541af98b0cfbf00156
docs/ui-handoff/VERSION;6;application/octet-stream;59854984853104df5c353e2f681a15fc7924742f9a2e468c29af248dce45ce03
docs/ui-handoff/workbooks/CNPM_UI_UX_Handoff_Matrix.xlsx;44206;application/vnd.openxmlformats-officedocument.spreadsheetml.sheet;3c7076647d8269e26e6407705ce9fc939de380f019b1587f53b7a32b40442909
docs/ui-handoff/workbooks/CNPM_UI_UX_Handoff_Matrix_preview.png;131235;image/png;61cbd0053a42fa891a11ee7fb15e8b757401a49140b30d27cb8999243a617e73
infrastructure/ci/README.md;283;text/markdown;a09561160e6a3f9e8f105adecaf46df988188322ab3329c4e13d4e272761a6fa
infrastructure/docker/compose.yaml;1782;application/yaml;cf970bf7b2ab83372e6833facb1dd11f815ee196eab584ad5589335db7114659
infrastructure/docker/README.md;383;text/markdown;a65fb6a0ba660e2cd4f387a96df973c1992d240922d62b91d2aa3e68ddd85d7a
infrastructure/kubernetes/base/app.yaml;1142;application/yaml;2715c8ef87eb46e7da774ea393c6862c65ceb1d075a783e1738b0db7fde0d150
infrastructure/kubernetes/base/config.yaml;421;application/yaml;5ea182cbfa155e5a63df23f6050e2ea6657b68b676c58e48ed58a4da57cb73fd
infrastructure/kubernetes/base/kustomization.yaml;115;application/yaml;3f6db13fd5fb9969801a691460b665d688defcd4a25345b66c2794e0e2ce93ab
infrastructure/kubernetes/base/namespace.yaml;63;application/yaml;b85c1e2cb8e0e8d7c9ffaf6bfd81d528a47fe48e0f1cdb00995c48ac48c798bd
infrastructure/kubernetes/README.md;388;text/markdown;f3bca8e179c9edd69df7760ebb9ba99953dcc570e9b640b982ba27ee515db00c
Makefile;550;application/octet-stream;68ddf6faeb56f1a7a29324b399f9ad07885b9eaafe4e1c6fa23f5d8f1bdc0a73
MANIFEST.md;435;text/markdown;64e8c22eb61ce9ad11350fe9ae3304f68cca30b3bc7c2b1b1ec04f283af2c3a1
mobile/.flutter-plugins-dependencies;4347;application/octet-stream;fb2f730086b0f0c60a91c2590e8a1ad3185680bc46f475ba4b4da7a1e9f1c200
mobile/.fvmrc;26;application/octet-stream;bb1c5e0d21c0053f3b235b642dc17e9fad9f00a7bfbe8bb7ee9cc8f653b3fe89
mobile/.gitignore;748;application/octet-stream;1e725ca8cb4e6c2a19dc889d0cebb497d954f091aba3b08d53df20edd0a98cdb
mobile/.metadata;1114;application/octet-stream;bdebb46cc922d18f53911b8b142d148a1d357fae8f3229d22c6a4c6c330ca699
mobile/analysis_options.yaml;188;application/yaml;4d2b5a7e985c2b28555515eccca34e20ee1dc94955cc293ea1cbe2fa3011628e
mobile/android/.gitignore;267;application/octet-stream;c9af75dbc2c8aa867476a09426c80b178c4aeed8b9393ae48503eedfa3273d71
mobile/android/app/build.gradle.kts;1434;application/octet-stream;7dcb04c08f09eec7b9ffee058f4c6c3aba5aefedc62a73424a41cb5e40ab6bee
mobile/android/app/src/debug/AndroidManifest.xml;385;text/xml;b01a4541a8144c15bc617bab7eb267c99fa1476368fbbda5a12cdbf4e316a34c
mobile/android/app/src/main/AndroidManifest.xml;2244;text/xml;b92981109ccc34292367e2f158a1f3ab381f61877c22d19076041865d3a14a0c
mobile/android/app/src/main/java/io/flutter/plugins/GeneratedPluginRegistrant.java;1266;application/octet-stream;5966c39e79f9527dea1c2012fbec2ab6fc1af2d1e81bf46f89f327f127280f73
mobile/android/app/src/main/kotlin/ml/cnpm/cnpm_mobile/MainActivity.kt;126;application/octet-stream;51320c0e288bf80f0b3fd562183d78c6ad673f99685bc79fdd3ada04fb279afb
mobile/android/app/src/main/res/drawable/launch_background.xml;446;text/xml;2df60e2cfbee873ce2858088cf003e6b93498f2f568476da437610467ea1a9d7
mobile/android/app/src/main/res/drawable-v21/launch_background.xml;450;text/xml;dca312ec77de83e43ef70a825c299b51451247286c29167d62f19165750b8793
mobile/android/app/src/main/res/mipmap-hdpi/ic_launcher.png;544;image/png;6a7c8f0d703e3682108f9662f813302236240d3f8f638bb391e32bfb96055fef
mobile/android/app/src/main/res/mipmap-mdpi/ic_launcher.png;442;image/png;c7c0c0189145e4e32a401c61c9bdc615754b0264e7afae24e834bb81049eaf81
mobile/android/app/src/main/res/mipmap-xhdpi/ic_launcher.png;721;image/png;e14aa40904929bf313fded22cf7e7ffcbf1d1aac4263b5ef1be8bfce650397aa
mobile/android/app/src/main/res/mipmap-xxhdpi/ic_launcher.png;1031;image/png;4d470bf22d5c17d84edc5f82516d1ba8a1c09559cd761cefb792f86d9f52b540
mobile/android/app/src/main/res/mipmap-xxxhdpi/ic_launcher.png;1443;image/png;3c34e1f298d0c9ea3455d46db6b7759c8211a49e9ec6e44b635fc5c87dfb4180
mobile/android/app/src/main/res/values/styles.xml;1014;text/xml;cca15a99b59380a548bf6a890f7ca5380ee509b1f9bbb2f5f9ec3589fa25c2f7
mobile/android/app/src/main/res/values-night/styles.xml;1013;text/xml;ea763597dc1a84c8034251caee98d7753e0fbf57340ffc94677427de4b537516
mobile/android/app/src/profile/AndroidManifest.xml;385;text/xml;b01a4541a8144c15bc617bab7eb267c99fa1476368fbbda5a12cdbf4e316a34c
mobile/android/build.gradle.kts;561;application/octet-stream;218f400e3fff31c9c986a2535dfb974560e1b4d33cc27b7c1fee96a2b7e44454
mobile/android/cnpm_mobile_android.iml;1630;application/octet-stream;c8e0091edeca4e766e9dcf948e59c86a0427381fb5e31768ae396eedde5f1dfc
mobile/android/gradle/wrapper/gradle-wrapper.jar;53636;application/java-archive;16caeaf66d57a0d1d2087fef6a97efa62de8da69afa5b908f40db35afc4342da
mobile/android/gradle/wrapper/gradle-wrapper.properties;207;application/octet-stream;670071e5c2e25f86f82bc9db52f5d8d7c8f7b1788686a9d4c967753c69d9a2b4
mobile/android/gradle.properties;306;application/octet-stream;7714698de712a7872e371f0dbae626c255fc83ac1c15e52e7cd9fcaa241b5092
mobile/android/gradlew;4971;application/octet-stream;ec56c02543666d92d9ac5ae7fcc48f88ce4de0deb8b7f9b39928ca46f68c1b2b
mobile/android/gradlew.bat;2404;text/plain;c13c6e91b9a517783976de213d46398c661ea9e17651376d7301e839eaedcc62
mobile/android/local.properties;99;application/octet-stream;4d603c0a50a923cc5d86cbaab42dfa18e0d7d3ebb55ace735c3a9de8ae7e8cd3
mobile/android/settings.gradle.kts;797;application/octet-stream;d6b16579d5f6a6066cc22323c4e34adb82020f7b75378bffed7f0358bc949ce3
mobile/cnpm_mobile.iml;859;application/octet-stream;d2052ef022de364483e3823043cb6a5be1c3f33217cae65c1a40b48b17669199
mobile/integration_test/README.md;219;text/markdown;7b753818fed912cbe20ec2b18f625fcadd7ec979c1651f7edcc9638e0da9379c
mobile/ios/.gitignore;603;application/octet-stream;e85b4db8ba6ed14708e5f7d3c60336e5a3067ce11329b84aa8ba5d98603ee253
mobile/ios/Flutter/AppFrameworkInfo.plist;744;application/octet-stream;e51cfa76fca1ae586244b43bf97423577315d2906394c1e7768ef43b8d23e161
mobile/ios/Flutter/Debug.xcconfig;31;application/octet-stream;c0d1da54718e75f2028962b689258ecc741abf7cdaed50483aa5225264d0a7d7
mobile/ios/Flutter/ephemeral/flutter_lldb_helper.py;1276;text/x-python;05cfe3977fdee593efad2049a4f62d374e55c69cedc8aabeee5566b37acb8384
mobile/ios/Flutter/ephemeral/flutter_lldbinit;108;application/octet-stream;eaec5f5268e3a5024d9703046f4097701107d574d0de7a2d8d81f0bf4644a333
mobile/ios/Flutter/ephemeral/flutter_native_integration.env;492;application/octet-stream;e1aa83449e30b64774389c54f2983344539e10ef8e00b715013eaf7f4754ddef
mobile/ios/Flutter/ephemeral/Packages/FlutterGeneratedPluginSwiftPackage/Package.swift;596;application/octet-stream;321befebd4d1220f0bd926aa54fa8f16216f6fb4e8c723017d6cda2f67f8373c
mobile/ios/Flutter/ephemeral/Packages/FlutterGeneratedPluginSwiftPackage/Sources/FlutterGeneratedPluginSwiftPackage/FlutterGeneratedPluginSwiftPackage.swift;38;application/octet-stream;8518fb048c29925943b03de7f45c9d5232c0b46d2cc97d36f83ff501e1ffb9ba
mobile/ios/Flutter/flutter_export_environment.sh;681;application/x-sh;80633ad928c77ad8bd8bc7ad0d3fb2e477f93e9dab5f6d8366018f2bdfea6d2b
mobile/ios/Flutter/Generated.xcconfig;642;application/octet-stream;4c9eb1acdcb49f8026f0a3ee56a9d0a1fab1b2c04c4bf57693a9b906dae2f59d
mobile/ios/Flutter/Release.xcconfig;31;application/octet-stream;c0d1da54718e75f2028962b689258ecc741abf7cdaed50483aa5225264d0a7d7
mobile/ios/Runner/AppDelegate.swift;555;application/octet-stream;54a5e98d6c3e8a79413ad50607b83aac8ded8828bc913eda1fe86bb33a66cd5d
mobile/ios/Runner/Assets.xcassets/AppIcon.appiconset/Contents.json;2641;application/json;5f8b941b774bde4496d73347c1f79cbdd786bb76fbdab9ed1f3f0cb78a0fb0d3
mobile/ios/Runner/Assets.xcassets/AppIcon.appiconset/Icon-App-1024x1024@1x.png;10932;image/png;7770183009e914112de7d8ef1d235a6a30c5834424858e0d2f8253f6b8d31926
mobile/ios/Runner/Assets.xcassets/AppIcon.appiconset/Icon-App-20x20@1x.png;295;image/png;cab10a0d391ec5bc09ef50ce49e8ad401cee7ef03707ec0923a222c5c2b3d212
mobile/ios/Runner/Assets.xcassets/AppIcon.appiconset/Icon-App-20x20@2x.png;406;image/png;b9ad02cf6576a04d1b6806ac02a2431481b448dd0c2e505ce25842d1f7c4730b
mobile/ios/Runner/Assets.xcassets/AppIcon.appiconset/Icon-App-20x20@3x.png;450;image/png;c6e6d3b215ae744a9c391f4c4d44157eff5e739d6ad6c39f9bfa5df66dddd267
mobile/ios/Runner/Assets.xcassets/AppIcon.appiconset/Icon-App-29x29@1x.png;282;image/png;5dee24dc104ac76dc162e42ae0beb163d426bf365562ee28ba7b3ad368559a60
mobile/ios/Runner/Assets.xcassets/AppIcon.appiconset/Icon-App-29x29@2x.png;462;image/png;a9b21eb6f4271385655a8771f76e29eef8c1107d7879cbcfc567e6619d1f716a
mobile/ios/Runner/Assets.xcassets/AppIcon.appiconset/Icon-App-29x29@3x.png;704;image/png;e677d701ffe4af7bc2935098d6b3984cc9ab7ace573e6900955a5535b12410cf
mobile/ios/Runner/Assets.xcassets/AppIcon.appiconset/Icon-App-40x40@1x.png;406;image/png;b9ad02cf6576a04d1b6806ac02a2431481b448dd0c2e505ce25842d1f7c4730b
mobile/ios/Runner/Assets.xcassets/AppIcon.appiconset/Icon-App-40x40@2x.png;586;image/png;7c61c42fc7b657d9cf314d32a4ec458f0647c3aaf360be1b9377857266ec2499
mobile/ios/Runner/Assets.xcassets/AppIcon.appiconset/Icon-App-40x40@3x.png;862;image/png;19be171481dc71a0b2803ebcd01dd8b0c5fd5778dee34c0a3cabc948c225f24e
mobile/ios/Runner/Assets.xcassets/AppIcon.appiconset/Icon-App-60x60@2x.png;862;image/png;19be171481dc71a0b2803ebcd01dd8b0c5fd5778dee34c0a3cabc948c225f24e
mobile/ios/Runner/Assets.xcassets/AppIcon.appiconset/Icon-App-60x60@3x.png;1674;image/png;4209a49e44a92ec40a327d3455eb1b1c153ee83d75de1c2be0a12ab18b2ff9de
mobile/ios/Runner/Assets.xcassets/AppIcon.appiconset/Icon-App-76x76@1x.png;762;image/png;836c918cb613249eba0483a6b02fa3df3c1c0a89a315ee4d3b88509b83c7ab73
mobile/ios/Runner/Assets.xcassets/AppIcon.appiconset/Icon-App-76x76@2x.png;1226;image/png;41c7d42f6e61f8fe7f30b1ffa2256aecbc9682be06d18c4a3062043e1a2e547c
mobile/ios/Runner/Assets.xcassets/AppIcon.appiconset/Icon-App-83.5x83.5@2x.png;1418;image/png;5d7e5bdf01b93802bc973345b3a78c038907147625035952a08a115a563b7f81
mobile/ios/Runner/Assets.xcassets/LaunchImage.imageset/Contents.json;414;application/json;fbd112a9f3b541a1d811f71ac8e4fe68b6176687d973a5f4d99b7aa4a722e94e
mobile/ios/Runner/Assets.xcassets/LaunchImage.imageset/LaunchImage.png;68;image/png;93ae7d494fad0fb30cbf3ae746a39c4bc7a0f8bbf87fbb587a3f3c01f3c5ce20
mobile/ios/Runner/Assets.xcassets/LaunchImage.imageset/LaunchImage@2x.png;68;image/png;93ae7d494fad0fb30cbf3ae746a39c4bc7a0f8bbf87fbb587a3f3c01f3c5ce20
mobile/ios/Runner/Assets.xcassets/LaunchImage.imageset/LaunchImage@3x.png;68;image/png;93ae7d494fad0fb30cbf3ae746a39c4bc7a0f8bbf87fbb587a3f3c01f3c5ce20
mobile/ios/Runner/Assets.xcassets/LaunchImage.imageset/README.md;340;text/markdown;853ac958e2416fe2540f6f61165283a3618b71a7ba5f85f65ac41c2158dfcd21
mobile/ios/Runner/Base.lproj/LaunchScreen.storyboard;2414;application/octet-stream;bc3644fbb251ff1e18de25a4932c927850ae1a025be3dd1447940429633fe4b2
mobile/ios/Runner/Base.lproj/Main.storyboard;1631;application/octet-stream;dcea4686c02065e56217fd19fcfb73d7509b41872e7486126149d47a18559363
mobile/ios/Runner/GeneratedPluginRegistrant.h;378;text/plain;a5f88cc6415d2e639d2cb549348b84e02a7fdd0261603b0063abef6fa11f075a
mobile/ios/Runner/GeneratedPluginRegistrant.m;520;application/octet-stream;f1eb55f4a96db605bbf10557142c8aae697ccd8bfd6a270e6923fd21c7fec822
mobile/ios/Runner/Info.plist;2290;application/octet-stream;3a63db95b053c8882acb4712e7c1103a879dc43ce65293ae41e4841fbf328f5d
mobile/ios/Runner/Runner-Bridging-Header.h;39;text/plain;efe657d8b27f7f8595a0d416bffb33fe7d93bd2869d81f7353b556c439d7a1a7
mobile/ios/Runner/SceneDelegate.swift;82;application/octet-stream;edce811c671ca0a6ccb14753e14e16deb0d89a0adf4f1b685e362d87d8f4c366
mobile/ios/Runner.xcodeproj/project.pbxproj;26240;application/octet-stream;cdbabc68c54ccf6f169a0b18e2371d43330f912156a9905c3a56cd7064aca70f
mobile/ios/Runner.xcodeproj/project.xcworkspace/contents.xcworkspacedata;142;application/octet-stream;ac28b35c2b940210bec0fff8e424b07fd0efe9112ab178a10533583f251a386c
mobile/ios/Runner.xcodeproj/project.xcworkspace/xcshareddata/IDEWorkspaceChecks.plist;246;application/octet-stream;d557c2c32fc6258ec28981fa45dc847b76c9968beb90a2e26d13ef9c4ea45c30
mobile/ios/Runner.xcodeproj/project.xcworkspace/xcshareddata/WorkspaceSettings.xcsettings;234;application/octet-stream;dd64c0308ab2971c456871b990b24a008bdc3ece09833e8dbe9675e33a496e74
mobile/ios/Runner.xcodeproj/xcshareddata/xcschemes/Runner.xcscheme;4836;application/octet-stream;a46c0d064503db8bf9f452b492c61fdf76f9febb8894005fe30b2facec21e550
mobile/ios/Runner.xcworkspace/contents.xcworkspacedata;159;application/octet-stream;706a4c812f2a1e220e6785c27580020d58048e2ae4d30d1280f3c43344ce6b38
mobile/ios/Runner.xcworkspace/xcshareddata/IDEWorkspaceChecks.plist;246;application/octet-stream;d557c2c32fc6258ec28981fa45dc847b76c9968beb90a2e26d13ef9c4ea45c30
mobile/ios/Runner.xcworkspace/xcshareddata/WorkspaceSettings.xcsettings;234;application/octet-stream;dd64c0308ab2971c456871b990b24a008bdc3ece09833e8dbe9675e33a496e74
mobile/ios/RunnerTests/RunnerTests.swift;297;application/octet-stream;c0e04141287eb7f9c9f3d31cf5be8cb626a9ea71351206c9121578e8b8f480c3
mobile/lib/design_system/cnpm_breakpoints.dart;175;application/octet-stream;beb4b61a8f50a7ebc18cb4c51cf3c4c5e84dd3e8dc5a9cb670e4fa3e2550dcc4
mobile/lib/design_system/cnpm_theme.dart;1925;application/octet-stream;311d1ddec3f242526ddd8b836613a59d002b816c02c4ba01b4ba3811ae15c447
mobile/lib/design_system/README.md;289;text/markdown;1ab77f5daa24fe9ae14b40a20c97aee88505f39089cef7659e3533ddece1911a
mobile/lib/main.dart;178;application/octet-stream;cc3bd10e1340c180ad5e53e4b3741280d31222d9c7c5196309a4fab877c31974
mobile/lib/src/cnpm_app.dart;1225;application/octet-stream;125234c6c35471fa9f4d53681dad2521bb49c04ee79f562292fb07129f3b8e1d
mobile/pubspec.lock;21509;application/octet-stream;653d38a06cc68b336f924939f553b2a40a74844b0b05a32109aa2a8bdb96d683
mobile/pubspec.yaml;403;application/yaml;b09a143660bd3a07746648754a4ca3b87e1be120076a0af9a5b62d5248e26f3a
mobile/README.md;788;text/markdown;ff2b280da6b52ce51d3b977f360f31c9d90e4ddc35787373f938a3ec4b6eb1a2
mobile/test/app_smoke_test.dart;289;application/octet-stream;5324fe0cd68b38437cc04da187bfe8f7d1034082798a623fa758742c26970505
NOTICE.md;920;text/markdown;3903be79363fdd3bf39bdf6f5b0ac8fd9f05f7d2355569bc9b85d3ea0cd84c7a
PLANS.md;2413;text/markdown;787875c5a14c2fc0017966b359c9cf0006895bfd06ea3332953184162207f4ff
README.md;3676;text/markdown;6ddddc146e4f3ee3dda7353108a6c34a122fddc1e6f201571f55a8672fdb2959
scripts/check-toolchain.sh;1628;application/x-sh;b76400aac354ca88aea9bb9e17ae82f90cf7643fa16bafc56725f5d35a4a3cbc
scripts/generate-manifest.py;1189;text/x-python;30fe617f8569b15b44615642141e4a0a550183f27261212502750961787b9c07
scripts/pack_paths.py;2121;text/x-python;31d29a73aa536f0539c38585dbb0e7f6af7b2ad8e1e8768b037587f618dddef4
scripts/python-bin.sh;766;application/x-sh;afa8e8834db0f010e328dd695a1fefd2858c89e640217fb86ec76d26d49f8d0c
scripts/validate-openapi.py;3796;text/x-python;f9ee4a131ed3981b2b1d6fa5be366f16012079663c18f308b433783e1b81a601
scripts/validate-openapi.sh;168;application/x-sh;1916f631fcd43af6fdd81b4c3846fffbc0619ffadf68042bcd0d2bd3a4cf47c7
scripts/validate-pack.py;18648;text/x-python;cca3a76f9510ae25f751fe3c819aee75a1068ff55c7719751ce2122d464f9f77
scripts/validate-pack.sh;165;application/x-sh;8bea790bfc5fadb344829028dff75053959c35bf794eeb5d382f9af2006ce772
SECURITY.md;958;text/markdown;d8e91aa2e847e6f50c3aebe9050b8e9e46b87a512e1168c7c08d710eb003361d
START_HERE.md;3126;text/markdown;bf76832f2a9572f23b4ab0b26e0e03a7edb1eb34aa4fbc3ecaf9e2c6c22a0cb5
tests/README.md;228;text/markdown;1066ca3c5b632a81d0e0fba38460637a73ef643c233a4f08d42972ffc1a2d6a1
web/.editorconfig;314;application/octet-stream;d62fd282eadb5b3ff888a23ba5968e490cc0a77dded2fbc4f704b7e6e247f4db
web/.gitignore;622;application/octet-stream;6faa24d286aa308f683225069e0cbabf9146bcb584e5ea06c812a5f7478b2abd
web/.npmrc;46;application/octet-stream;994f7cb40cf8035ac70be35a65bf3cb51aa62e5b8fe94531d596b279f66740cb
web/.prettierrc;161;application/octet-stream;8cd4a6408c3eadd007f0e8986754f4f03e6f2ea451a0181040555671491069a9
web/angular.json;2040;application/json;8456c8ec0ffe93c1b5d6ec3bf41a3eeceac6e74929a3be37287fe8231509de11
web/eslint.config.js;1221;text/javascript;ea51ed7a31aed220cf64658ddaee38d7e5c3779214223a1e6ea10a01c53706db
web/package-lock.json;341455;application/json;427e4e29b34cb93a7bf2356f764fb5fa6e60241bcbf7cbc4d4fdd5133c6736a7
web/package.json;1500;application/json;26e9895ae0a7e04434ff62bd45433d7709700bdf64c1a31ccf3f7dd66b177824
web/package.ui-handoff.json;875;application/json;b2a9944837fee2089ef0af6e8401a468ce8a82e75cfaa714ff298ef44af73b48
web/playwright.config.ts;3159;video/vnd.dlna.mpeg-tts;50e3a7bb88812c7f576502fff20005ab791f53ab97c4115165c6ce8a2c556bcd
web/README.md;1476;text/markdown;0a38df3a380eb77d352ab8e2d2a0f08d3f47d94414de56df1b2a4edb9e37e21a
web/src/app/app.config.ts;862;video/vnd.dlna.mpeg-tts;e15c3aeee10e50bb766e6ef27b108ec5e94a03d50487db38e443032ae03a5c70
web/src/app/app.html;214;text/html;d216e12b09fef4a8f92b7c504eed355f90c101d189ad53329a7e219b20c4e4be
web/src/app/app.routes.ts;349;video/vnd.dlna.mpeg-tts;76affbfdf9890c0904521faf0a14c40f2b232b6ebf2bba2c3cb281492e69adbc
web/src/app/app.scss;54;application/octet-stream;1c5bf0edf064fa53ce959c6f1a59c7c1482efdbf885c174a84c1864d4103a72e
web/src/app/app.spec.ts;669;video/vnd.dlna.mpeg-tts;b9300464856618b1bc9d0877f0e553b465f14458dc3bce18d91ed169d77e2304
web/src/app/app.ts;418;video/vnd.dlna.mpeg-tts;97072dbe600ac4f52a010191adbefd319c82e2a5cddd51e5813701986badf645
web/src/app/design-system/alert/alert.component.scss;2212;application/octet-stream;8fa02e51ba3dd9ee281d17264f08ef0a35b3d15acac639e78789e0efd4e4a524
web/src/app/design-system/alert/alert.component.ts;2116;video/vnd.dlna.mpeg-tts;1be714df120ee40f01fd695443293c48374e78722d7ddbd01e174d824dd24a9b
web/src/app/design-system/badge/badge.component.scss;1676;application/octet-stream;8bb77b4ff6a5ca076cb440c5bb968f41cc0d4f2ea63f3ced48c877d4fb5304ec
web/src/app/design-system/badge/badge.component.spec.ts;1601;video/vnd.dlna.mpeg-tts;78a8c6383afd7a8ab843d06406f09b98a99b96789759826c5d3da70470b08b77
web/src/app/design-system/badge/badge.component.ts;1227;video/vnd.dlna.mpeg-tts;938bbc8be6ba53fac636b051d3f31e2adfc5cfd8cc5aecaed3bc9b7cdc93ede2
web/src/app/design-system/bulk-action-bar/bulk-action-bar.component.scss;637;application/octet-stream;85b7435d37292bdba93845aebcd736848dacaa845ae40048a824f57fdb8ff842
web/src/app/design-system/bulk-action-bar/bulk-action-bar.component.ts;1607;video/vnd.dlna.mpeg-tts;9d3c07585f731e291c5a8f40823566af38d3924fca52db494f0bdb5f15d17f57
web/src/app/design-system/button/button.component.scss;5964;application/octet-stream;138c049dcbd93cab1bbfc9f896844787b34ccdb9aa73db9ec3143beb22693206
web/src/app/design-system/button/button.component.ts;4154;video/vnd.dlna.mpeg-tts;b5dda3acad2fee656451f9e7e5cbbb5ccb6c5f45e5b2a3e78a2bf1c282f6c7e8
web/src/app/design-system/checkbox/checkbox.component.scss;1210;application/octet-stream;08320950148a02b36e4008e62840536ca9c4f32e27aa5bed01a7402a00b7d61b
web/src/app/design-system/checkbox/checkbox.component.ts;1784;video/vnd.dlna.mpeg-tts;0ea86e6d86cc17dd4b980c0fae96782a8e5dff3ee0f8f63d279315ce747053ce
web/src/app/design-system/data-table/data-table.component.html;3758;text/html;0b5a0e6588730814ec44de64c3c53a693e9ac0bf60535662b226747cc284b7a2
web/src/app/design-system/data-table/data-table.component.scss;3309;application/octet-stream;22103394fe3c6395a64b3a8cb500fadf8a973ab2b975d0cd5c136c8f7221cfa5
web/src/app/design-system/data-table/data-table.component.ts;4494;video/vnd.dlna.mpeg-tts;ec15095f761d5654370e5a190031e79dd7fc34debf68059d0135c14a1904c6be
web/src/app/design-system/data-table/data-table.model.ts;1188;video/vnd.dlna.mpeg-tts;84f0e842dad735335e382da72acec8ac7057e2bc2feef2e860548cd40fb96c81
web/src/app/design-system/definition-list/definition-list.component.scss;617;application/octet-stream;87d730857757558af14b022d56c559666e79f6114287d305e2d50f7e82e1dc8a
web/src/app/design-system/definition-list/definition-list.component.ts;1127;video/vnd.dlna.mpeg-tts;a90b3d1c80f4eed7299ebd434e3465aaab8e7f2159c2d67dff2f00bea48adfdd
web/src/app/design-system/empty-state/empty-state.component.scss;1004;application/octet-stream;70526508c246394a9c132c96f22250da5130b028a96e33a6e7f1b5e43efe91e7
web/src/app/design-system/empty-state/empty-state.component.spec.ts;1845;video/vnd.dlna.mpeg-tts;156091a54d6867b2b0465a5cca74e8ed1c8fc819bdc450670f42380f2b033f37
web/src/app/design-system/empty-state/empty-state.component.ts;2506;video/vnd.dlna.mpeg-tts;1c63af5c8c1f398875e59538c26155b15d51e6460839cf06e48e05752a53a51f
web/src/app/design-system/error-state/error-state.component.scss;1402;application/octet-stream;76a26a1c1009a4ce91afddcc36749321c2a526eecf42e7dbd04a5af21ecc29ea
web/src/app/design-system/error-state/error-state.component.spec.ts;3154;video/vnd.dlna.mpeg-tts;d307f5ce1aba1eda30653cdb36cc6f9d478f5ac4a9d70057c88eca8eaffd7337
web/src/app/design-system/error-state/error-state.component.ts;4931;video/vnd.dlna.mpeg-tts;cd15d8fef1edda272aa6e3d51a351f75dfd7107966deaaba1295aaada78c5d55
web/src/app/design-system/filter-bar/filter-bar.component.html;2170;text/html;c98c878d90b4c02f58227ce588a95d338de29ae67814f14c2eef7b9ee382ac76
web/src/app/design-system/filter-bar/filter-bar.component.scss;3799;application/octet-stream;d244102e81d9d71bdb24bcd060b4b29e61d9060fa71b3d05f305502d1d92ccc9
web/src/app/design-system/filter-bar/filter-bar.component.ts;1500;video/vnd.dlna.mpeg-tts;70bf8b983d3ea74029bd7ab8238ade35704d0d783c8acd54aaf0afdb3ae5103f
web/src/app/design-system/icon/icon.ts;1744;video/vnd.dlna.mpeg-tts;519ba09004480f8dc2cd24501c3ffa38671ddc64d97c5a7584fed95faa515b03
web/src/app/design-system/inline-error-summary/inline-error-summary.component.scss;1359;application/octet-stream;7675cc3de0a93be0c7cb44a75568da3b116243bf58ef4f49295d238f87702cc6
web/src/app/design-system/inline-error-summary/inline-error-summary.component.spec.ts;5116;video/vnd.dlna.mpeg-tts;df07d8868c5beb02a8344c0972137767ff51522fa2743dc10f130fd3464281a6
web/src/app/design-system/inline-error-summary/inline-error-summary.component.ts;2906;video/vnd.dlna.mpeg-tts;b785ed20c2eff47670a935f125aa829e987ad4728d1141fd90e3efcb2182dc59
web/src/app/design-system/insight-summary/insight-summary.component.scss;1788;application/octet-stream;a1bd60db942199b514844a486cd08078d926abe21619f0690c274f21a34bc43b
web/src/app/design-system/insight-summary/insight-summary.component.ts;2613;video/vnd.dlna.mpeg-tts;e482c6aacf26f06e36f19c9361d8f5598273982e88df1f1a56c5f44390f370ed
web/src/app/design-system/offline-notice/offline-notice.component.ts;2082;video/vnd.dlna.mpeg-tts;8a1b32832e6fd3e21366a5322bde04280de1fba540256919523e46ec05a678e1
web/src/app/design-system/otp-input/otp-input.component.scss;2579;application/octet-stream;f7a4e67ab35aef5e96b879082139daf766cf8a7881438a4e0e166e8e4e2d9682
web/src/app/design-system/otp-input/otp-input.component.spec.ts;4306;video/vnd.dlna.mpeg-tts;6f1c832644627f104d7cde0167a6b6559677bf3412d9410184abcb143a0b2612
web/src/app/design-system/otp-input/otp-input.component.ts;5655;video/vnd.dlna.mpeg-tts;d8bcb2eb7a51af53f0c679d4567b3698808a95517ad1d49f3e40a4e9fa32dd1e
web/src/app/design-system/page-header/page-header.component.scss;877;application/octet-stream;ca2d38ba8659c46aae3d1f20f10b66f6e0dda729257cf25e353328b4abfb3b42
web/src/app/design-system/page-header/page-header.component.ts;1115;video/vnd.dlna.mpeg-tts;c784660c84e38b825fb24efb5983cf9dbb456900d85f4e5fabe9894e5693ae61
web/src/app/design-system/pagination/pagination.component.html;3148;text/html;a16100f730654bd45ca0b27f7763d81670f9b86a14723fb7cb5a3dd25d9aad68
web/src/app/design-system/pagination/pagination.component.scss;3347;application/octet-stream;a22a445d85202d7a2172de87d323388f248cabb74902b1ddefc2c45b3fe07eb3
web/src/app/design-system/pagination/pagination.component.ts;3554;video/vnd.dlna.mpeg-tts;b47ec702e27d70b193e29281eda7fadad43d17ae84abaa134a0ac82c94136a14
web/src/app/design-system/password-input/password-input.component.scss;3419;application/octet-stream;b498f94206fa6c04f7948cbd3cec1dc38e6f8945f974cb72d4d1abb880987086
web/src/app/design-system/password-input/password-input.component.ts;3635;video/vnd.dlna.mpeg-tts;2c732e06b1312e892efdd23585696db11e118cce0c12b1243d640e6cb7fe4ca1
web/src/app/design-system/showcase-project-card/showcase-project-card.component.scss;1109;application/octet-stream;1d9bfe170e927a0a499a09737fb4987fe3c93376ba65bf6005a09ca6c6f3d6db
web/src/app/design-system/showcase-project-card/showcase-project-card.component.ts;969;video/vnd.dlna.mpeg-tts;0fbe42b26cd86b717fece8216259712cce75fce0dfdd36128974277ee12202be
web/src/app/design-system/skeleton/skeleton.component.scss;2242;application/octet-stream;63aa6f877b1545c477f1519eca4f2d4440407bd488fc86b19f02b9f4e09bcb33
web/src/app/design-system/skeleton/skeleton.component.spec.ts;3069;video/vnd.dlna.mpeg-tts;374e08c8161bd22a056e58469a90d9448c53f79c5daece7aefb787804d6f9d88
web/src/app/design-system/skeleton/skeleton.component.ts;2907;video/vnd.dlna.mpeg-tts;604154ff728e277d785a62738051cd7a878b8f71c3b3e06c8388d800a3ca784e
web/src/app/design-system/tabs/tabs.component.scss;2120;application/octet-stream;b8b2664afbba20a72e088402d7c15b3d70999f5064cc6b578dca2bfffbc9f483
web/src/app/design-system/tabs/tabs.component.ts;2332;video/vnd.dlna.mpeg-tts;0b7f81d659cf8a2ffd818d2a57846851f2749cbb743f63fcaf1191d1f5fb8e91
web/src/app/design-system/text-input/text-input.component.scss;2732;application/octet-stream;16c59d4283521f4a88e0ac4aa6627a8439e1ae310122f9e2f30577eca0cb118a
web/src/app/design-system/text-input/text-input.component.ts;3364;video/vnd.dlna.mpeg-tts;f55506345243134ef1396792cc2381142fcbe441c4bed93f3edbbc7990a2a9b5
web/src/app/design-system/toast/toast-outlet.component.scss;2746;application/octet-stream;faff9a220a28f1a357edc894c8b6f2ae21e9de218f8e9602532127d9a14bd2d3
web/src/app/design-system/toast/toast-outlet.component.spec.ts;3173;video/vnd.dlna.mpeg-tts;88eeb316301c97d4c7da5a09f12d2ae4d5c0b38c9d8c40da32db5d417f094c67
web/src/app/design-system/toast/toast-outlet.component.ts;3465;video/vnd.dlna.mpeg-tts;e8af34e8bad08e2f40a111b9c1b4d82ac26c6354d1b8c2e6ad408df9078c6325
web/src/app/design-system/toast/toast.model.ts;804;video/vnd.dlna.mpeg-tts;3f62b34a16eb4d2c8dbd3e932f1577b92ee35edf92283ef1caf07f71ee424b0a
web/src/app/design-system/toast/toast.service.spec.ts;2346;video/vnd.dlna.mpeg-tts;6c925a662d728844b098e7f0576632caf6195db3f4711fcd7c9c9a52ec945b1d
web/src/app/design-system/toast/toast.service.ts;2737;video/vnd.dlna.mpeg-tts;882dac0f2931cdd361f74874a10d44c325297c8b788f3710989a903483e083d3
web/src/app/design-system/verification-badge/verification-badge.component.scss;1088;application/octet-stream;ab184f959a69014e01300ed9103ac67459b57bd04ceef92674525ffd711d7131
web/src/app/design-system/verification-badge/verification-badge.component.spec.ts;2287;video/vnd.dlna.mpeg-tts;b70d047875dec16b8221ac81ca3d828e234c107e541f463a4617bfb8621c59b1
web/src/app/design-system/verification-badge/verification-badge.component.ts;3476;video/vnd.dlna.mpeg-tts;ddba24f6bdaa891621a5cddd0438765a799bfad69f354fb94e9000680c1c9fbc
web/src/app/features/admin/admin.routes.ts;1315;video/vnd.dlna.mpeg-tts;817e7de5967399cdd0fe35d0f9541ccc47c2106a79c6df0173efe7b78ddaa820
web/src/app/features/admin/members/demo-members.gateway.ts;6643;video/vnd.dlna.mpeg-tts;4f4250e775559db7c08c7e36f01d3ea0400699c26d046e161153b208b23e2f15
web/src/app/features/admin/members/members-gateway.ts;3476;video/vnd.dlna.mpeg-tts;1c0f3318c8b5f8a0ee6dabe9f2d55dda9637887f692c5f3d891be026dc4d7665
web/src/app/features/admin/members/members.page.html;12496;text/html;cc63014a2a472c0305237175585666b6692afe11b36a9bf2b06d5e61170675ad
web/src/app/features/admin/members/members.page.scss;4966;application/octet-stream;7574e8e96b312ab9ff3a2d31ec615706f45799204050aaa64a62c9ae6d59b930
web/src/app/features/admin/members/members.page.spec.ts;5179;video/vnd.dlna.mpeg-tts;4265445a7fb65b074d8ebc190dbde142edaa070e2e452fdbd8fbf376625efb0b
web/src/app/features/admin/members/members.page.ts;14016;video/vnd.dlna.mpeg-tts;61e3a99ed4b899b1fcc31f49dc2bf41efe034350c000b09dda7c3ea370c404d2
web/src/app/features/auth/auth-flow.store.ts;757;video/vnd.dlna.mpeg-tts;2a01ffac51ac8801160dd2d4f76238c702bf37d08d45f55910695de9b773d129
web/src/app/features/auth/auth-gateway.ts;1701;video/vnd.dlna.mpeg-tts;55c99c870bcec9e821edde08ab1b08fa2a7e4963ba380c373e786380cde32808
web/src/app/features/auth/auth-shell.component.scss;5268;application/octet-stream;406862558a5977b59bc3ca2ca62b06bf64d8ad05da69c2be19c65c7786cab662
web/src/app/features/auth/auth-shell.component.ts;3291;video/vnd.dlna.mpeg-tts;b8e87b3337345626625f80efec8e87f9691546a9a0e098a09a718ac18450bbf8
web/src/app/features/auth/auth.routes.ts;1292;video/vnd.dlna.mpeg-tts;49213ec21c8c5c00c1386f36a0c0b176b13b110a92d1e24bb62e111c4c14453d
web/src/app/features/auth/demo-auth.gateway.ts;2415;video/vnd.dlna.mpeg-tts;bcb1e57c90041e59aa5d3643643df9014a9da94d6cf9ed1d48348040f732d79f
web/src/app/features/auth/login.page.html;2951;text/html;ab33f532f8a7717c18223f5fcb73c670dd07ca1e967d4e5cb5a6d6376a1a2b45
web/src/app/features/auth/login.page.scss;1456;application/octet-stream;07c750ecb97c22cb3b4e6f5e8bbd029c7e91f2cbbe124da993086e33293cec77
web/src/app/features/auth/login.page.spec.ts;9722;video/vnd.dlna.mpeg-tts;d8b9a3d7b7bb984f48b79b5968209dbf9a947eb459cc7a9476a1b778f635141a
web/src/app/features/auth/login.page.ts;5580;video/vnd.dlna.mpeg-tts;6632c5f1a00267f23d851abad2de789592a2af87f707e416a98dbba3868ba040
web/src/app/features/auth/session-ended.page.ts;1786;video/vnd.dlna.mpeg-tts;44bf1e322fcc605b7deddd3c5c6cfda4c3b3b4cd7bedf7b85a1a6394fd09a944
web/src/app/features/auth/verify.page.html;3524;text/html;27e0a73894b6ca456caac31e6dd205e69a515ea925b112a67fd6cf186274e542
web/src/app/features/auth/verify.page.scss;2220;application/octet-stream;5085ba212cf9ac9c1a868bc776e7d4392a58d4eef06bac8cc2ea953d46dc9a90
web/src/app/features/auth/verify.page.spec.ts;5238;video/vnd.dlna.mpeg-tts;906b56f28a71e165eafee0b69a54d5f7678277f9540ad350c0f0e53676f66510
web/src/app/features/auth/verify.page.ts;6383;video/vnd.dlna.mpeg-tts;62b44901eb9476329707622d6c05f931d021a52db09ea5ab625acad84d158c09
web/src/app/features/project-ready/project-ready.page.html;353;text/html;3e740d437067d9df1d48cc20ecc7ca071d5686e48bdf205b5af4df32afd9e234
web/src/app/features/project-ready/project-ready.page.scss;532;application/octet-stream;07a9e7ec2b06abce61d3a91f741d490d0f7a6b8613f967de077888cc06559d83
web/src/app/features/project-ready/project-ready.page.ts;293;video/vnd.dlna.mpeg-tts;ae8c7fee1cd3e6a7a0e42453072d28413374db07ec14210f339a07710969c42c
web/src/app/features/public/home/demo-home.gateway.ts;1587;video/vnd.dlna.mpeg-tts;bbe67be17154ca8bacd9e605ed2fd1c78079a01d51d2a4c5d6e6fe3a518e4964
web/src/app/features/public/home/home-gateway.ts;1245;video/vnd.dlna.mpeg-tts;ae7f23e4e606f12085116764a52189517a26743e6632288570a1c2474127153e
web/src/app/features/public/home/home.page.html;3364;text/html;f7c7f018eca53ce6c758afd89a120b93562a275f5cd23e5a4be1816d8820a6b8
web/src/app/features/public/home/home.page.scss;4587;application/octet-stream;7b3b52e41203632128c99fa56cc5814cc2e8c9576e12ae1d3941bb431fec98f2
web/src/app/features/public/home/home.page.ts;3101;video/vnd.dlna.mpeg-tts;71dba762a52a61af3bd7c68155b576eca5f390cad5c3915456c3f63c988e0795
web/src/app/features/public/public-shell.component.scss;3063;application/octet-stream;434dbd2b4a3c46b58e4b6551c9d9d0788c88d5a7eafab9539c1267080ef3a732
web/src/app/features/public/public-shell.component.ts;2123;video/vnd.dlna.mpeg-tts;acbd45564d46aaa9e0a2516cfd84161adfa07be7fa76faae332b4bb0a3b9a7bd
web/src/app/features/public/public.routes.ts;1174;video/vnd.dlna.mpeg-tts;578d4d6af185d0d5e321c5eeb11abb1e124189443b5a05a6ebf94edcf2d8dc9e
web/src/app/features/public/showcase/demo-showcase.gateway.ts;3165;video/vnd.dlna.mpeg-tts;ff6c2e2d7bbd718eae07bf02eda024c34e08ebd87c533ef8bb7df8ac5dd6ded1
web/src/app/features/public/showcase/showcase-gateway.ts;3091;video/vnd.dlna.mpeg-tts;0b338788bc383aeaffd9b9a0fde63f2ed7123e4227e1fa7aac870219aec28ca4
web/src/app/features/public/showcase/showcase.page.html;5820;text/html;22021c47c428bc7456c18b658dc6ca080b76a94ed84a328f697ff9ba6dd2ce1b
web/src/app/features/public/showcase/showcase.page.scss;5746;application/octet-stream;119558716de47b2ca49ef162d9006d910c7b0be00615332830b49e3af7899866
web/src/app/features/public/showcase/showcase.page.ts;6282;video/vnd.dlna.mpeg-tts;5ca33b57dd245ec3b5194a1f1b311d6c50fd60647df8af7305bec4cf22f4ca0f
web/src/app/layout/admin-shell/admin-nav-icon.component.ts;3233;video/vnd.dlna.mpeg-tts;f4b8c93ca30e81ff75e8a21d3f4789f1e5710f6f33386aed2f47e43dee25f135
web/src/app/layout/admin-shell/admin-nav.ts;2049;video/vnd.dlna.mpeg-tts;8f02f198cff3f43be2efedeb3ab17a61a7f77fb67dc00305224c5bdcbb66198f
web/src/app/layout/admin-shell/admin-shell.component.html;967;text/html;145d28c819b7c21c1cc3192be3513f4e3df16bc06d92d9a7e6042c6a046d60d4
web/src/app/layout/admin-shell/admin-shell.component.scss;3220;application/octet-stream;bb06060b37222d8f50a47a847be5daa84f4788cb5f836bf15b4de6fdafcea37d
web/src/app/layout/admin-shell/admin-shell.component.ts;2320;video/vnd.dlna.mpeg-tts;9607e48212d760a5a8a67d586f1aae28e95e9877ca03f8b6b918386555e0c32f
web/src/app/layout/admin-shell/demo-session.gateway.ts;839;video/vnd.dlna.mpeg-tts;3ee9492254cb3da30fdc73bb67a515be6fd056b52db824eccd419dd02fa71321
web/src/app/layout/admin-shell/session-gateway.ts;820;video/vnd.dlna.mpeg-tts;4c3249710487a04ebf96c36ad895751d778b062b6d38ad2289967e7c3b6b0b4f
web/src/app/layout/admin-shell/sidebar-navigation.component.html;2456;text/html;74d2115e851ff6f6bf8092e95c24e8f87ba0c68c44e2b29b255886dcb9474547
web/src/app/layout/admin-shell/sidebar-navigation.component.scss;4896;application/octet-stream;646e270df311ddd54ecdb5eb74067286b7bc03350dd7e5f99bdfe7459ed31c61
web/src/app/layout/admin-shell/sidebar-navigation.component.ts;1351;video/vnd.dlna.mpeg-tts;3f343a7e7de457b921a9e0b049a7eccd45792fd6f9408a4437478590f3679d8d
web/src/app/layout/admin-shell/top-bar.component.html;1409;text/html;2f48a7fd58f01601a0f9060e28ffc3c54e91fd577407e707a8b0d956e59b6d78
web/src/app/layout/admin-shell/top-bar.component.scss;3033;application/octet-stream;b974419a40f0b6241fce60f2f63cabaaa70224883502a649f660eaf812aeed4e
web/src/app/layout/admin-shell/top-bar.component.ts;1469;video/vnd.dlna.mpeg-tts;0481541915779d1629d627ec6bff5e49a24f859934dd76625b3a8e99c54f42d3
web/src/app/ui-contracts/button.contract.ts;669;video/vnd.dlna.mpeg-tts;7bc8d14a2679a9b17459da27c1fd2a3a027ae86854ae965ad061b56c17948074
web/src/app/ui-contracts/status.contract.ts;552;video/vnd.dlna.mpeg-tts;1e6b9ea6d6d013c7abe81ea170d34bfa87b6344e35cfb8eec5a8dacd22f97a2d
web/src/app/ui-contracts/table.contract.ts;405;video/vnd.dlna.mpeg-tts;bcd9ab25bac647e9441d15557b626b88a584a49147c2626988dec36916073a9f
web/src/assets/demo-fixtures.json;18999;application/json;3cd93c3de3cbd8b5886252d6955a93ba600510c4ee3bc7725ea372fab1c26b2a
web/src/index.html;323;text/html;8a4cb89377a1bf9c789bbb953e826e957224ba339b507aa81b8134740e61d371
web/src/main.ts;222;video/vnd.dlna.mpeg-tts;2341253f1a947c37dfa27838951cf7e224f7abb32dff45a8d425f042b5eeed13
web/src/styles/_layout.scss;906;application/octet-stream;07ac817abd1fb884ba193243f47804a2953925825cd5482ce15da44b299a7158
web/src/styles/_reset.scss;733;application/octet-stream;d97a006355671bb64ea894cad82f24372386be9e57d31ff16cc0869ba55ad976
web/src/styles/_tokens.scss;6417;application/octet-stream;2c0e186b5df0e4d9eb36d9773819ffc3e512525b322838d6ae22ac37e98ae107
web/src/styles/_typography.scss;518;application/octet-stream;f7d30e93e70eda351d762ee853228f86b018f6f9f1ac9d9188875f97eb9c56c2
web/src/styles/index.scss;67;application/octet-stream;e129ca956e4f6f8bde04ecb62ce3f219e9c869182b79c09f82f9f5c9ba9738d9
web/src/styles/tokens.css;7124;text/css;8a23853d3f9de7d7ac03aae857acf97296073a57b92f2f80d92e5f06cc922ab1
web/src/styles.scss;50;application/octet-stream;18e27d02869ce3f48cf03e99c627608b015c6489fc925d9c1fd167b25dd2aa7c
web/tests/visual/auth-flow.ts;1598;video/vnd.dlna.mpeg-tts;a546157f3d6cb4e048d5559f350510554619826ae36abc95b32041a109b97d0a
web/tests/visual/cnpm.a11y-beyond-axe.spec.ts;18697;video/vnd.dlna.mpeg-tts;062b927aade92b3ad9cdba6e517c96307273f9bc2d79453e235ed7fcab80a4d9
web/tests/visual/cnpm.a11y.spec.ts;3322;video/vnd.dlna.mpeg-tts;3d527b0452395e65874c1582dd0dcf389b0b1cc72629bc5c4d8a7c851c6987a0
web/tests/visual/cnpm.home.spec.ts;3708;video/vnd.dlna.mpeg-tts;7efc7c5ac743e1bbf66439ef7bdf22d983ca3e7da7b90e99ee04172e7e94411a
web/tests/visual/cnpm.members.spec.ts;10306;video/vnd.dlna.mpeg-tts;d6881805491d02efa15cd28d00f420c4ef092f8a7a2b48ada0cdb477a0b4bf24
web/tests/visual/cnpm.showcase.spec.ts;7015;video/vnd.dlna.mpeg-tts;7ac07955c087e85bb62f573916c364ce9f2a19f3564235131da396d34b5ff5ec
web/tests/visual/cnpm.socle.spec.ts;3109;video/vnd.dlna.mpeg-tts;a14249873f7773b88aa875a4ee0928cead0f068e12e1214f753bfdde9c6eb5f8
web/tests/visual/cnpm.visual.spec.ts;2512;video/vnd.dlna.mpeg-tts;0f9bfec7e6e46b96bddc8507bc05167851ef8f97ee7462a0200edacd5c7aad02
web/tsconfig.app.json;429;application/json;5fd4b1994fe3c2d0d4e2e9f3c21a54912765a4948d0d2048ddf96726889f4692
web/tsconfig.json;1180;application/json;b865087e366137a4e45a257d1f44a0fd5178a2d82ba910dcd82f3247d0ec23dd
web/tsconfig.spec.json;441;application/json;1e90321d1afed110a815a62074d8b96558ffddabbb87d4a3df6c5de8c372b422
